,cell_type,MYH7,MYH2,PAX7,PDGFRA,COL1A1,FABP4,CD68,PECAM1,TGFB1,IL6,TNF,MSTN,UTRN,TTN,ACTA1,GENE_0000,GENE_0001,GENE_0002,GENE_0003,GENE_0004,GENE_0005,GENE_0006,GENE_0007,GENE_0008,GENE_0009,GENE_0010,GENE_0011,GENE_0012,GENE_0013,GENE_0014,GENE_0015,GENE_0016,GENE_0017,GENE_0018,GENE_0019,GENE_0020,GENE_0021,GENE_0022,GENE_0023,GENE_0024,GENE_0025,GENE_0026,GENE_0027,GENE_0028,GENE_0029,GENE_0030,GENE_0031,GENE_0032,GENE_0033,GENE_0034,GENE_0035,GENE_0036,GENE_0037,GENE_0038,GENE_0039,GENE_0040,GENE_0041,GENE_0042,GENE_0043,GENE_0044,GENE_0045,GENE_0046,GENE_0047,GENE_0048,GENE_0049,GENE_0050,GENE_0051,GENE_0052,GENE_0053,GENE_0054,GENE_0055,GENE_0056,GENE_0057,GENE_0058,GENE_0059,GENE_0060,GENE_0061,GENE_0062,GENE_0063,GENE_0064,GENE_0065,GENE_0066,GENE_0067,GENE_0068,GENE_0069,GENE_0070,GENE_0071,GENE_0072,GENE_0073,GENE_0074,GENE_0075,GENE_0076,GENE_0077,GENE_0078,GENE_0079,GENE_0080,GENE_0081,GENE_0082,GENE_0083,GENE_0084
TYPE_0001,TypeI_Fiber,44.0,34.0,2.0,4.0,1.0,1.0,2.0,1.0,1.0,3.0,5.0,3.0,1.0,2.0,6.0,1.0,2.0,4.0,3.0,2.0,0.0,5.0,0.0,1.0,2.0,2.0,4.0,3.0,2.0,2.0,1.0,1.0,1.0,6.0,0.0,3.0,4.0,3.0,3.0,0.0,0.0,2.0,2.0,0.0,1.0,0.0,6.0,2.0,5.0,4.0,1.0,4.0,4.0,2.0,1.0,2.0,2.0,2.0,4.0,0.0,1.0,1.0,2.0,3.0,0.0,1.0,1.0,0.0,1.0,2.0,1.0,2.0,3.0,3.0,2.0,2.0,0.0,1.0,1.0,2.0,6.0,1.0,1.0,3.0,4.0,1.0,2.0,2.0,1.0,1.0,0.0,1.0,2.0,3.0,2.0,5.0,1.0,1.0,1.0,3.0
TYPE_0002,TypeI_Fiber,45.0,49.0,1.0,0.0,1.0,3.0,1.0,5.0,2.0,3.0,2.0,0.0,1.0,1.0,3.0,4.0,2.0,3.0,0.0,0.0,1.0,2.0,2.0,2.0,2.0,0.0,2.0,1.0,0.0,1.0,1.0,0.0,2.0,2.0,2.0,2.0,0.0,3.0,0.0,2.0,0.0,4.0,0.0,5.0,4.0,0.0,0.0,2.0,3.0,1.0,1.0,2.0,4.0,1.0,1.0,0.0,1.0,0.0,1.0,2.0,3.0,1.0,4.0,3.0,2.0,1.0,3.0,3.0,2.0,1.0,2.0,2.0,4.0,1.0,0.0,7.0,1.0,2.0,1.0,7.0,1.0,4.0,0.0,1.0,3.0,5.0,3.0,1.0,1.0,3.0,1.0,3.0,2.0,0.0,0.0,2.0,3.0,1.0,2.0,1.0
TYPE_0003,TypeI_Fiber,47.0,55.0,4.0,3.0,4.0,2.0,1.0,1.0,2.0,2.0,2.0,4.0,1.0,2.0,1.0,1.0,3.0,1.0,4.0,2.0,0.0,5.0,3.0,2.0,0.0,0.0,4.0,1.0,1.0,1.0,4.0,1.0,6.0,3.0,0.0,1.0,3.0,2.0,2.0,2.0,1.0,1.0,2.0,1.0,2.0,2.0,2.0,2.0,3.0,1.0,6.0,2.0,1.0,0.0,2.0,1.0,1.0,1.0,1.0,2.0,0.0,1.0,3.0,1.0,2.0,1.0,0.0,3.0,1.0,7.0,3.0,0.0,3.0,3.0,3.0,0.0,0.0,1.0,2.0,1.0,7.0,1.0,0.0,2.0,3.0,3.0,2.0,2.0,1.0,1.0,2.0,1.0,1.0,3.0,2.0,2.0,1.0,2.0,3.0,1.0
TYPE_0004,TypeI_Fiber,47.0,46.0,3.0,6.0,3.0,1.0,2.0,2.0,2.0,3.0,2.0,5.0,2.0,0.0,0.0,1.0,3.0,1.0,1.0,2.0,1.0,2.0,3.0,5.0,3.0,1.0,3.0,0.0,5.0,3.0,1.0,3.0,0.0,4.0,2.0,0.0,0.0,1.0,1.0,1.0,0.0,2.0,3.0,2.0,1.0,3.0,1.0,5.0,2.0,2.0,4.0,1.0,0.0,3.0,1.0,1.0,4.0,2.0,1.0,3.0,1.0,3.0,4.0,4.0,1.0,4.0,0.0,0.0,0.0,1.0,4.0,1.0,2.0,1.0,5.0,1.0,1.0,2.0,2.0,2.0,2.0,1.0,2.0,4.0,4.0,4.0,4.0,1.0,6.0,4.0,2.0,1.0,1.0,2.0,4.0,2.0,1.0,4.0,1.0,3.0
TYPE_0005,TypeI_Fiber,45.0,53.0,3.0,2.0,0.0,4.0,6.0,3.0,3.0,1.0,1.0,2.0,2.0,2.0,2.0,2.0,4.0,2.0,0.0,2.0,2.0,3.0,2.0,3.0,2.0,4.0,1.0,1.0,1.0,1.0,2.0,3.0,7.0,3.0,2.0,2.0,2.0,1.0,1.0,3.0,3.0,3.0,2.0,4.0,2.0,2.0,2.0,1.0,2.0,0.0,3.0,3.0,3.0,3.0,1.0,1.0,2.0,2.0,0.0,0.0,0.0,2.0,1.0,3.0,1.0,2.0,3.0,1.0,4.0,1.0,2.0,1.0,4.0,4.0,0.0,3.0,1.0,2.0,0.0,2.0,3.0,0.0,4.0,0.0,6.0,4.0,7.0,0.0,2.0,0.0,1.0,2.0,2.0,2.0,1.0,4.0,2.0,3.0,2.0,3.0
TYPE_0006,TypeI_Fiber,52.0,39.0,3.0,2.0,0.0,1.0,2.0,4.0,1.0,5.0,3.0,2.0,5.0,3.0,1.0,2.0,3.0,0.0,2.0,3.0,2.0,0.0,1.0,1.0,2.0,2.0,3.0,4.0,2.0,0.0,0.0,3.0,2.0,1.0,5.0,1.0,3.0,4.0,4.0,6.0,1.0,4.0,4.0,1.0,1.0,3.0,7.0,7.0,1.0,2.0,3.0,2.0,4.0,3.0,0.0,1.0,1.0,4.0,5.0,2.0,2.0,6.0,2.0,3.0,2.0,5.0,0.0,0.0,0.0,1.0,3.0,1.0,3.0,1.0,3.0,1.0,4.0,1.0,6.0,6.0,3.0,1.0,1.0,2.0,2.0,0.0,2.0,1.0,5.0,1.0,1.0,2.0,0.0,1.0,3.0,0.0,4.0,1.0,0.0,4.0
TYPE_0007,TypeI_Fiber,50.0,34.0,3.0,1.0,1.0,2.0,1.0,6.0,3.0,5.0,1.0,1.0,3.0,0.0,1.0,0.0,2.0,2.0,2.0,1.0,1.0,1.0,1.0,1.0,0.0,2.0,3.0,2.0,6.0,2.0,7.0,0.0,2.0,2.0,4.0,2.0,1.0,1.0,6.0,3.0,0.0,2.0,5.0,1.0,2.0,0.0,3.0,1.0,2.0,2.0,3.0,3.0,1.0,1.0,1.0,0.0,5.0,2.0,2.0,2.0,2.0,1.0,1.0,1.0,0.0,4.0,3.0,2.0,5.0,4.0,3.0,3.0,2.0,1.0,4.0,3.0,2.0,5.0,3.0,1.0,1.0,3.0,0.0,4.0,1.0,1.0,2.0,3.0,2.0,2.0,2.0,1.0,1.0,3.0,0.0,2.0,3.0,4.0,5.0,0.0
TYPE_0008,TypeI_Fiber,53.0,37.0,0.0,1.0,3.0,1.0,2.0,0.0,2.0,4.0,1.0,2.0,2.0,1.0,4.0,1.0,1.0,1.0,3.0,3.0,3.0,4.0,2.0,3.0,0.0,2.0,1.0,1.0,0.0,1.0,2.0,4.0,5.0,1.0,2.0,2.0,2.0,0.0,3.0,2.0,1.0,4.0,0.0,4.0,4.0,1.0,1.0,1.0,4.0,0.0,2.0,2.0,2.0,4.0,4.0,4.0,2.0,4.0,3.0,2.0,4.0,2.0,2.0,1.0,2.0,0.0,2.0,1.0,1.0,3.0,3.0,2.0,3.0,2.0,2.0,1.0,2.0,0.0,1.0,2.0,1.0,1.0,3.0,3.0,3.0,2.0,4.0,2.0,2.0,1.0,1.0,1.0,1.0,1.0,3.0,2.0,0.0,2.0,1.0,2.0
TYPE_0009,TypeI_Fiber,52.0,47.0,1.0,0.0,1.0,4.0,2.0,1.0,1.0,4.0,2.0,1.0,2.0,2.0,5.0,3.0,4.0,1.0,2.0,2.0,0.0,1.0,0.0,3.0,3.0,1.0,0.0,1.0,2.0,1.0,0.0,2.0,5.0,0.0,2.0,3.0,2.0,2.0,2.0,2.0,3.0,1.0,6.0,2.0,4.0,1.0,2.0,1.0,2.0,1.0,7.0,2.0,0.0,1.0,4.0,3.0,0.0,1.0,0.0,3.0,3.0,2.0,0.0,2.0,3.0,1.0,3.0,4.0,4.0,3.0,3.0,1.0,2.0,1.0,2.0,4.0,0.0,2.0,2.0,3.0,1.0,1.0,4.0,5.0,2.0,1.0,2.0,3.0,2.0,4.0,3.0,3.0,2.0,4.0,4.0,2.0,2.0,0.0,1.0,2.0
TYPE_0010,TypeI_Fiber,37.0,36.0,2.0,4.0,1.0,4.0,2.0,3.0,2.0,1.0,1.0,4.0,2.0,1.0,3.0,3.0,0.0,5.0,0.0,5.0,1.0,2.0,4.0,1.0,1.0,2.0,5.0,3.0,4.0,1.0,1.0,6.0,1.0,1.0,2.0,2.0,2.0,1.0,6.0,2.0,1.0,1.0,4.0,2.0,1.0,0.0,1.0,1.0,2.0,4.0,1.0,3.0,2.0,2.0,4.0,1.0,1.0,2.0,2.0,3.0,1.0,3.0,1.0,1.0,3.0,2.0,5.0,0.0,6.0,1.0,2.0,4.0,3.0,3.0,1.0,2.0,4.0,0.0,2.0,2.0,1.0,1.0,4.0,3.0,4.0,2.0,3.0,2.0,3.0,3.0,0.0,1.0,3.0,2.0,1.0,1.0,1.0,2.0,3.0,1.0
TYPE_0011,TypeI_Fiber,39.0,43.0,2.0,1.0,3.0,0.0,7.0,2.0,1.0,3.0,1.0,2.0,0.0,3.0,2.0,4.0,0.0,3.0,1.0,2.0,1.0,2.0,3.0,3.0,4.0,1.0,2.0,2.0,2.0,1.0,3.0,2.0,3.0,1.0,0.0,1.0,0.0,3.0,3.0,1.0,1.0,1.0,1.0,2.0,0.0,1.0,4.0,1.0,4.0,1.0,1.0,1.0,1.0,1.0,0.0,2.0,0.0,3.0,1.0,4.0,1.0,2.0,4.0,0.0,2.0,2.0,1.0,3.0,3.0,2.0,4.0,1.0,2.0,4.0,1.0,2.0,0.0,0.0,2.0,3.0,0.0,5.0,1.0,5.0,2.0,5.0,2.0,2.0,5.0,0.0,4.0,2.0,4.0,1.0,4.0,3.0,6.0,1.0,2.0,1.0
TYPE_0012,TypeI_Fiber,47.0,50.0,2.0,3.0,5.0,0.0,1.0,2.0,5.0,2.0,1.0,3.0,1.0,0.0,2.0,2.0,2.0,1.0,2.0,3.0,4.0,1.0,0.0,3.0,2.0,1.0,1.0,0.0,3.0,4.0,2.0,2.0,2.0,4.0,3.0,2.0,1.0,0.0,1.0,2.0,2.0,3.0,1.0,0.0,1.0,3.0,4.0,0.0,3.0,8.0,1.0,1.0,1.0,1.0,1.0,6.0,2.0,3.0,3.0,5.0,2.0,1.0,1.0,2.0,2.0,1.0,0.0,0.0,1.0,2.0,0.0,2.0,1.0,1.0,2.0,3.0,3.0,0.0,4.0,2.0,3.0,2.0,3.0,3.0,0.0,0.0,1.0,3.0,2.0,3.0,0.0,4.0,1.0,1.0,5.0,4.0,0.0,2.0,3.0,1.0
TYPE_0013,TypeI_Fiber,45.0,42.0,2.0,0.0,3.0,0.0,1.0,4.0,2.0,3.0,0.0,1.0,3.0,1.0,0.0,1.0,2.0,2.0,3.0,3.0,3.0,3.0,3.0,3.0,3.0,1.0,2.0,3.0,0.0,1.0,1.0,3.0,2.0,3.0,1.0,3.0,0.0,1.0,1.0,1.0,1.0,2.0,0.0,5.0,2.0,1.0,3.0,3.0,4.0,1.0,4.0,2.0,1.0,3.0,6.0,4.0,2.0,0.0,3.0,2.0,2.0,3.0,1.0,1.0,1.0,4.0,1.0,3.0,4.0,1.0,2.0,1.0,2.0,1.0,2.0,3.0,0.0,1.0,0.0,4.0,3.0,1.0,2.0,1.0,2.0,6.0,6.0,2.0,2.0,3.0,2.0,0.0,2.0,2.0,2.0,4.0,4.0,2.0,0.0,2.0
TYPE_0014,TypeI_Fiber,45.0,46.0,3.0,3.0,3.0,1.0,2.0,1.0,2.0,2.0,1.0,4.0,1.0,2.0,0.0,0.0,2.0,0.0,4.0,2.0,0.0,0.0,5.0,2.0,1.0,2.0,1.0,2.0,1.0,3.0,0.0,0.0,1.0,3.0,3.0,2.0,2.0,3.0,3.0,2.0,1.0,1.0,1.0,1.0,0.0,3.0,2.0,3.0,3.0,2.0,4.0,0.0,0.0,3.0,1.0,1.0,3.0,0.0,5.0,1.0,1.0,3.0,2.0,4.0,5.0,0.0,0.0,1.0,1.0,3.0,2.0,3.0,0.0,2.0,2.0,3.0,2.0,3.0,5.0,4.0,3.0,1.0,1.0,3.0,2.0,2.0,2.0,2.0,1.0,1.0,2.0,4.0,3.0,0.0,4.0,1.0,3.0,3.0,1.0,2.0
TYPE_0015,TypeI_Fiber,50.0,39.0,0.0,3.0,1.0,1.0,0.0,5.0,4.0,3.0,4.0,1.0,1.0,3.0,2.0,1.0,2.0,2.0,2.0,0.0,3.0,4.0,5.0,1.0,3.0,1.0,3.0,1.0,1.0,1.0,3.0,3.0,1.0,2.0,2.0,0.0,1.0,1.0,2.0,3.0,2.0,2.0,1.0,2.0,1.0,0.0,2.0,1.0,2.0,4.0,1.0,5.0,3.0,0.0,1.0,1.0,1.0,3.0,0.0,0.0,1.0,3.0,5.0,3.0,2.0,1.0,5.0,0.0,2.0,2.0,4.0,4.0,1.0,4.0,0.0,2.0,3.0,2.0,3.0,2.0,4.0,3.0,3.0,2.0,1.0,7.0,1.0,0.0,0.0,2.0,0.0,3.0,1.0,2.0,1.0,2.0,2.0,4.0,1.0,2.0
TYPE_0016,TypeI_Fiber,50.0,53.0,3.0,1.0,2.0,1.0,0.0,3.0,3.0,0.0,2.0,2.0,5.0,2.0,0.0,0.0,2.0,2.0,2.0,3.0,1.0,1.0,2.0,1.0,2.0,4.0,4.0,1.0,3.0,1.0,2.0,2.0,3.0,1.0,2.0,2.0,2.0,1.0,0.0,1.0,2.0,1.0,3.0,1.0,4.0,2.0,2.0,0.0,2.0,6.0,2.0,2.0,0.0,4.0,1.0,1.0,3.0,2.0,4.0,1.0,1.0,4.0,4.0,5.0,1.0,0.0,4.0,2.0,1.0,4.0,0.0,3.0,1.0,2.0,1.0,4.0,1.0,4.0,0.0,3.0,1.0,2.0,0.0,1.0,2.0,1.0,1.0,1.0,2.0,1.0,0.0,3.0,2.0,1.0,2.0,1.0,2.0,0.0,3.0,2.0
TYPE_0017,TypeI_Fiber,43.0,47.0,2.0,2.0,2.0,2.0,3.0,2.0,1.0,2.0,3.0,2.0,2.0,2.0,3.0,2.0,4.0,2.0,1.0,2.0,2.0,2.0,2.0,3.0,1.0,3.0,3.0,3.0,2.0,3.0,2.0,3.0,1.0,1.0,2.0,2.0,3.0,3.0,3.0,2.0,1.0,2.0,2.0,3.0,1.0,2.0,1.0,3.0,1.0,1.0,6.0,2.0,1.0,2.0,2.0,0.0,3.0,2.0,4.0,3.0,3.0,1.0,1.0,5.0,1.0,1.0,3.0,2.0,6.0,1.0,4.0,1.0,2.0,1.0,4.0,0.0,1.0,2.0,0.0,1.0,0.0,2.0,2.0,3.0,2.0,0.0,1.0,1.0,4.0,0.0,2.0,0.0,1.0,1.0,2.0,3.0,1.0,2.0,1.0,0.0
TYPE_0018,TypeI_Fiber,44.0,49.0,3.0,0.0,3.0,0.0,2.0,0.0,2.0,2.0,5.0,1.0,3.0,0.0,0.0,2.0,4.0,0.0,0.0,1.0,2.0,2.0,0.0,1.0,3.0,2.0,4.0,1.0,3.0,1.0,3.0,1.0,1.0,1.0,3.0,2.0,2.0,2.0,1.0,4.0,4.0,0.0,2.0,2.0,4.0,4.0,1.0,3.0,2.0,3.0,0.0,2.0,2.0,4.0,0.0,3.0,6.0,1.0,3.0,1.0,3.0,1.0,3.0,2.0,4.0,2.0,2.0,1.0,0.0,1.0,3.0,1.0,3.0,2.0,2.0,3.0,3.0,3.0,0.0,1.0,0.0,2.0,1.0,5.0,3.0,2.0,2.0,1.0,1.0,1.0,0.0,3.0,5.0,1.0,3.0,2.0,2.0,0.0,0.0,1.0
TYPE_0019,TypeI_Fiber,50.0,36.0,2.0,1.0,3.0,2.0,1.0,1.0,2.0,5.0,2.0,2.0,2.0,5.0,0.0,1.0,1.0,0.0,3.0,1.0,3.0,1.0,2.0,1.0,5.0,1.0,5.0,0.0,2.0,1.0,2.0,1.0,2.0,2.0,1.0,2.0,5.0,6.0,2.0,3.0,2.0,4.0,4.0,2.0,1.0,2.0,2.0,1.0,4.0,2.0,0.0,3.0,1.0,4.0,2.0,4.0,5.0,2.0,0.0,4.0,1.0,3.0,3.0,1.0,4.0,3.0,1.0,1.0,4.0,0.0,2.0,1.0,1.0,3.0,4.0,1.0,2.0,0.0,2.0,2.0,3.0,1.0,1.0,2.0,0.0,1.0,5.0,2.0,3.0,3.0,3.0,2.0,3.0,2.0,2.0,3.0,0.0,0.0,3.0,1.0
TYPE_0020,TypeI_Fiber,43.0,53.0,2.0,1.0,1.0,0.0,0.0,0.0,1.0,0.0,2.0,1.0,2.0,4.0,1.0,3.0,2.0,4.0,4.0,4.0,2.0,3.0,2.0,0.0,2.0,2.0,4.0,3.0,0.0,1.0,2.0,3.0,3.0,2.0,1.0,1.0,2.0,3.0,1.0,1.0,0.0,2.0,5.0,1.0,2.0,1.0,1.0,1.0,2.0,2.0,1.0,0.0,0.0,4.0,3.0,3.0,2.0,1.0,3.0,2.0,2.0,3.0,2.0,0.0,3.0,3.0,2.0,4.0,0.0,2.0,2.0,2.0,3.0,0.0,0.0,0.0,2.0,1.0,1.0,2.0,5.0,4.0,3.0,1.0,1.0,1.0,3.0,1.0,0.0,5.0,1.0,2.0,1.0,0.0,0.0,0.0,2.0,2.0,2.0,2.0
TYPE_0021,TypeI_Fiber,42.0,42.0,3.0,1.0,1.0,2.0,3.0,3.0,2.0,0.0,1.0,3.0,4.0,2.0,4.0,3.0,1.0,2.0,3.0,2.0,2.0,2.0,1.0,3.0,4.0,1.0,1.0,1.0,2.0,3.0,2.0,4.0,2.0,1.0,4.0,1.0,2.0,5.0,0.0,2.0,2.0,1.0,4.0,7.0,5.0,2.0,4.0,3.0,2.0,2.0,1.0,2.0,5.0,0.0,0.0,3.0,2.0,2.0,4.0,2.0,1.0,4.0,0.0,3.0,1.0,3.0,2.0,2.0,2.0,2.0,0.0,2.0,2.0,2.0,0.0,2.0,3.0,2.0,1.0,0.0,0.0,1.0,2.0,1.0,0.0,1.0,3.0,0.0,1.0,1.0,2.0,2.0,1.0,1.0,2.0,2.0,0.0,3.0,3.0,3.0
TYPE_0022,TypeI_Fiber,48.0,45.0,0.0,1.0,2.0,4.0,4.0,0.0,9.0,0.0,0.0,0.0,0.0,0.0,4.0,1.0,2.0,2.0,1.0,3.0,1.0,0.0,3.0,4.0,1.0,2.0,2.0,2.0,0.0,2.0,0.0,2.0,4.0,1.0,1.0,1.0,2.0,3.0,1.0,3.0,4.0,1.0,2.0,3.0,3.0,0.0,2.0,3.0,4.0,2.0,1.0,3.0,2.0,1.0,4.0,5.0,2.0,1.0,3.0,3.0,2.0,3.0,0.0,4.0,1.0,0.0,2.0,2.0,0.0,3.0,4.0,2.0,0.0,2.0,3.0,2.0,2.0,3.0,2.0,1.0,1.0,3.0,1.0,4.0,1.0,3.0,2.0,3.0,1.0,1.0,4.0,1.0,1.0,3.0,0.0,2.0,1.0,3.0,1.0,1.0
TYPE_0023,TypeI_Fiber,45.0,45.0,4.0,3.0,3.0,0.0,3.0,2.0,4.0,1.0,1.0,0.0,2.0,0.0,2.0,2.0,1.0,0.0,4.0,3.0,2.0,0.0,1.0,0.0,3.0,2.0,0.0,1.0,3.0,1.0,2.0,1.0,2.0,3.0,1.0,2.0,1.0,2.0,2.0,3.0,1.0,0.0,2.0,4.0,2.0,2.0,2.0,2.0,1.0,0.0,0.0,2.0,2.0,1.0,0.0,1.0,2.0,3.0,1.0,4.0,1.0,3.0,1.0,2.0,1.0,3.0,1.0,3.0,0.0,0.0,3.0,2.0,2.0,4.0,1.0,3.0,2.0,6.0,2.0,1.0,1.0,1.0,4.0,2.0,4.0,4.0,0.0,1.0,1.0,3.0,2.0,4.0,1.0,1.0,4.0,5.0,2.0,2.0,2.0,1.0
TYPE_0024,TypeI_Fiber,40.0,51.0,1.0,1.0,3.0,1.0,0.0,1.0,4.0,2.0,0.0,3.0,3.0,4.0,2.0,2.0,3.0,1.0,3.0,1.0,2.0,3.0,3.0,0.0,2.0,2.0,2.0,1.0,1.0,0.0,1.0,4.0,3.0,3.0,4.0,1.0,4.0,1.0,2.0,2.0,0.0,2.0,2.0,2.0,1.0,4.0,3.0,3.0,3.0,4.0,0.0,3.0,2.0,4.0,1.0,1.0,1.0,2.0,3.0,2.0,1.0,1.0,0.0,3.0,5.0,1.0,3.0,2.0,0.0,3.0,2.0,1.0,1.0,2.0,3.0,2.0,1.0,4.0,1.0,5.0,2.0,0.0,1.0,2.0,3.0,2.0,0.0,0.0,2.0,1.0,2.0,2.0,2.0,0.0,0.0,2.0,2.0,2.0,3.0,1.0
TYPE_0025,TypeI_Fiber,43.0,40.0,1.0,4.0,2.0,2.0,3.0,1.0,3.0,0.0,2.0,0.0,0.0,1.0,1.0,1.0,2.0,1.0,2.0,1.0,1.0,2.0,1.0,1.0,3.0,1.0,3.0,1.0,2.0,0.0,1.0,2.0,1.0,0.0,2.0,2.0,3.0,1.0,1.0,2.0,2.0,2.0,2.0,3.0,3.0,1.0,1.0,3.0,3.0,2.0,2.0,3.0,2.0,2.0,3.0,1.0,3.0,0.0,3.0,1.0,4.0,2.0,3.0,2.0,1.0,2.0,3.0,3.0,1.0,1.0,1.0,6.0,3.0,2.0,1.0,0.0,2.0,0.0,2.0,0.0,2.0,1.0,2.0,3.0,3.0,1.0,3.0,2.0,3.0,1.0,1.0,3.0,2.0,5.0,4.0,1.0,1.0,1.0,0.0,2.0
TYPE_0026,TypeI_Fiber,40.0,41.0,1.0,2.0,0.0,2.0,2.0,2.0,3.0,2.0,1.0,0.0,2.0,2.0,1.0,0.0,4.0,1.0,1.0,2.0,2.0,0.0,1.0,0.0,2.0,3.0,3.0,2.0,2.0,2.0,4.0,1.0,2.0,1.0,0.0,2.0,4.0,0.0,3.0,2.0,3.0,3.0,3.0,3.0,2.0,0.0,4.0,0.0,3.0,2.0,2.0,2.0,1.0,3.0,3.0,3.0,2.0,0.0,0.0,4.0,4.0,4.0,4.0,3.0,2.0,3.0,2.0,1.0,2.0,3.0,2.0,2.0,1.0,3.0,1.0,0.0,2.0,4.0,0.0,1.0,1.0,2.0,3.0,2.0,2.0,0.0,0.0,1.0,3.0,1.0,2.0,1.0,1.0,2.0,2.0,2.0,0.0,2.0,0.0,3.0
TYPE_0027,TypeI_Fiber,50.0,46.0,1.0,1.0,1.0,1.0,2.0,3.0,3.0,1.0,4.0,3.0,2.0,2.0,4.0,4.0,0.0,4.0,2.0,2.0,2.0,1.0,2.0,1.0,1.0,2.0,0.0,2.0,4.0,2.0,1.0,1.0,3.0,1.0,0.0,1.0,4.0,4.0,4.0,3.0,2.0,3.0,3.0,2.0,1.0,1.0,2.0,5.0,1.0,2.0,1.0,1.0,3.0,4.0,1.0,1.0,1.0,3.0,1.0,0.0,2.0,3.0,0.0,4.0,1.0,2.0,0.0,4.0,3.0,2.0,2.0,0.0,0.0,4.0,1.0,4.0,2.0,0.0,0.0,2.0,1.0,2.0,1.0,3.0,1.0,2.0,2.0,2.0,1.0,1.0,3.0,2.0,2.0,3.0,1.0,3.0,1.0,1.0,2.0,1.0
TYPE_0028,TypeI_Fiber,37.0,48.0,1.0,3.0,4.0,2.0,3.0,3.0,2.0,2.0,3.0,2.0,1.0,6.0,2.0,2.0,1.0,0.0,2.0,2.0,2.0,2.0,1.0,7.0,4.0,3.0,4.0,2.0,2.0,0.0,5.0,1.0,3.0,3.0,1.0,0.0,1.0,0.0,2.0,0.0,0.0,3.0,2.0,2.0,2.0,3.0,1.0,2.0,0.0,0.0,5.0,2.0,1.0,1.0,0.0,2.0,1.0,1.0,4.0,2.0,1.0,1.0,1.0,3.0,3.0,0.0,2.0,2.0,1.0,1.0,0.0,0.0,2.0,3.0,1.0,2.0,2.0,2.0,1.0,3.0,0.0,3.0,2.0,1.0,1.0,2.0,1.0,2.0,3.0,1.0,2.0,3.0,3.0,4.0,1.0,2.0,3.0,1.0,0.0,0.0
TYPE_0029,TypeI_Fiber,42.0,41.0,0.0,3.0,0.0,1.0,0.0,0.0,1.0,3.0,0.0,1.0,2.0,6.0,2.0,2.0,2.0,2.0,2.0,4.0,2.0,1.0,1.0,3.0,1.0,3.0,3.0,1.0,0.0,2.0,3.0,0.0,2.0,2.0,4.0,0.0,2.0,2.0,2.0,2.0,1.0,0.0,1.0,2.0,0.0,1.0,3.0,2.0,1.0,2.0,0.0,5.0,2.0,1.0,2.0,1.0,3.0,5.0,5.0,5.0,1.0,5.0,2.0,3.0,2.0,2.0,1.0,1.0,2.0,0.0,6.0,4.0,0.0,1.0,0.0,0.0,3.0,4.0,3.0,0.0,1.0,1.0,2.0,4.0,0.0,1.0,1.0,1.0,0.0,4.0,3.0,2.0,2.0,3.0,2.0,2.0,5.0,2.0,2.0,3.0
TYPE_0030,TypeI_Fiber,54.0,47.0,1.0,4.0,3.0,2.0,4.0,2.0,1.0,2.0,2.0,1.0,6.0,2.0,4.0,3.0,4.0,1.0,4.0,1.0,1.0,0.0,1.0,3.0,0.0,3.0,0.0,2.0,3.0,5.0,2.0,1.0,5.0,1.0,5.0,3.0,0.0,0.0,2.0,3.0,2.0,0.0,1.0,3.0,2.0,5.0,4.0,1.0,2.0,2.0,3.0,1.0,2.0,3.0,0.0,2.0,2.0,2.0,1.0,1.0,4.0,1.0,2.0,0.0,1.0,1.0,1.0,0.0,1.0,2.0,0.0,1.0,2.0,2.0,1.0,4.0,2.0,4.0,1.0,2.0,4.0,2.0,5.0,2.0,1.0,1.0,1.0,2.0,1.0,2.0,4.0,2.0,5.0,3.0,4.0,1.0,1.0,2.0,1.0,3.0
TYPE_0031,TypeI_Fiber,45.0,48.0,2.0,2.0,1.0,3.0,1.0,2.0,1.0,2.0,2.0,1.0,2.0,0.0,3.0,1.0,3.0,4.0,1.0,5.0,0.0,3.0,3.0,2.0,1.0,0.0,5.0,0.0,0.0,1.0,2.0,1.0,5.0,1.0,2.0,3.0,1.0,1.0,1.0,2.0,1.0,2.0,2.0,4.0,1.0,3.0,3.0,3.0,3.0,0.0,0.0,2.0,2.0,0.0,1.0,0.0,1.0,1.0,0.0,1.0,2.0,5.0,0.0,0.0,3.0,6.0,2.0,1.0,1.0,1.0,2.0,2.0,1.0,0.0,2.0,5.0,4.0,1.0,3.0,2.0,2.0,3.0,1.0,6.0,5.0,2.0,3.0,2.0,0.0,0.0,1.0,3.0,2.0,2.0,4.0,0.0,2.0,0.0,7.0,1.0
TYPE_0032,TypeI_Fiber,45.0,50.0,2.0,1.0,1.0,2.0,1.0,3.0,2.0,0.0,2.0,2.0,3.0,1.0,5.0,2.0,1.0,2.0,2.0,2.0,1.0,1.0,2.0,3.0,4.0,1.0,1.0,2.0,0.0,3.0,4.0,2.0,2.0,4.0,0.0,2.0,1.0,1.0,0.0,2.0,4.0,2.0,2.0,0.0,3.0,1.0,3.0,6.0,4.0,0.0,1.0,1.0,2.0,3.0,0.0,5.0,0.0,6.0,0.0,2.0,4.0,3.0,1.0,3.0,3.0,2.0,3.0,1.0,1.0,2.0,0.0,3.0,1.0,4.0,2.0,4.0,1.0,0.0,1.0,3.0,2.0,3.0,2.0,0.0,2.0,1.0,1.0,2.0,2.0,0.0,3.0,1.0,2.0,2.0,2.0,1.0,2.0,4.0,2.0,5.0
TYPE_0033,TypeI_Fiber,40.0,34.0,2.0,5.0,2.0,0.0,7.0,4.0,1.0,5.0,0.0,3.0,0.0,4.0,2.0,4.0,0.0,1.0,1.0,1.0,2.0,4.0,4.0,0.0,2.0,3.0,1.0,0.0,0.0,0.0,2.0,1.0,1.0,1.0,1.0,4.0,1.0,1.0,1.0,1.0,3.0,2.0,2.0,3.0,2.0,1.0,3.0,0.0,4.0,3.0,3.0,1.0,2.0,4.0,3.0,1.0,0.0,1.0,0.0,5.0,2.0,2.0,2.0,0.0,1.0,0.0,2.0,5.0,1.0,1.0,3.0,1.0,1.0,1.0,2.0,3.0,2.0,2.0,3.0,2.0,2.0,4.0,1.0,3.0,4.0,2.0,3.0,2.0,2.0,3.0,3.0,4.0,2.0,1.0,3.0,1.0,1.0,1.0,3.0,2.0
TYPE_0034,TypeI_Fiber,45.0,49.0,2.0,2.0,1.0,5.0,0.0,4.0,3.0,3.0,0.0,5.0,2.0,0.0,1.0,4.0,2.0,5.0,5.0,2.0,2.0,2.0,3.0,2.0,0.0,1.0,2.0,2.0,1.0,5.0,0.0,2.0,1.0,2.0,1.0,3.0,3.0,0.0,1.0,1.0,2.0,7.0,2.0,3.0,3.0,1.0,0.0,1.0,1.0,1.0,1.0,5.0,5.0,2.0,3.0,3.0,2.0,0.0,2.0,2.0,2.0,2.0,3.0,2.0,3.0,1.0,2.0,5.0,0.0,1.0,3.0,1.0,2.0,3.0,1.0,2.0,5.0,3.0,1.0,3.0,4.0,3.0,2.0,4.0,3.0,0.0,2.0,1.0,3.0,1.0,1.0,1.0,0.0,0.0,2.0,3.0,1.0,3.0,3.0,1.0
TYPE_0035,TypeI_Fiber,51.0,56.0,3.0,1.0,6.0,5.0,2.0,1.0,1.0,1.0,0.0,2.0,1.0,1.0,3.0,1.0,4.0,2.0,1.0,0.0,2.0,0.0,2.0,1.0,0.0,1.0,1.0,2.0,2.0,0.0,1.0,4.0,1.0,0.0,2.0,3.0,5.0,3.0,2.0,4.0,0.0,0.0,0.0,1.0,0.0,4.0,2.0,4.0,4.0,0.0,1.0,1.0,3.0,1.0,3.0,2.0,2.0,1.0,0.0,1.0,1.0,1.0,7.0,2.0,3.0,4.0,2.0,1.0,0.0,2.0,2.0,2.0,6.0,1.0,4.0,2.0,0.0,4.0,2.0,2.0,3.0,1.0,0.0,0.0,4.0,3.0,1.0,0.0,0.0,1.0,0.0,2.0,1.0,3.0,3.0,0.0,3.0,2.0,2.0,2.0
TYPE_0036,TypeI_Fiber,54.0,38.0,2.0,5.0,1.0,1.0,2.0,2.0,0.0,2.0,1.0,2.0,0.0,3.0,3.0,2.0,0.0,1.0,3.0,1.0,4.0,1.0,1.0,2.0,2.0,2.0,3.0,3.0,2.0,2.0,1.0,1.0,1.0,0.0,2.0,3.0,3.0,4.0,4.0,1.0,6.0,3.0,1.0,2.0,4.0,2.0,2.0,1.0,0.0,1.0,1.0,5.0,1.0,2.0,1.0,4.0,2.0,1.0,1.0,1.0,4.0,3.0,0.0,0.0,0.0,1.0,1.0,3.0,3.0,2.0,4.0,1.0,2.0,0.0,1.0,1.0,2.0,2.0,3.0,2.0,1.0,2.0,2.0,2.0,2.0,1.0,0.0,0.0,2.0,3.0,2.0,2.0,5.0,2.0,2.0,2.0,3.0,2.0,2.0,4.0
TYPE_0037,TypeI_Fiber,42.0,38.0,1.0,2.0,1.0,2.0,1.0,3.0,2.0,2.0,2.0,1.0,3.0,2.0,2.0,2.0,0.0,2.0,3.0,2.0,4.0,2.0,2.0,4.0,1.0,2.0,1.0,2.0,3.0,2.0,2.0,2.0,2.0,2.0,0.0,4.0,0.0,2.0,1.0,0.0,1.0,3.0,1.0,1.0,4.0,1.0,3.0,3.0,3.0,3.0,1.0,1.0,0.0,1.0,1.0,1.0,4.0,0.0,2.0,6.0,3.0,0.0,2.0,2.0,2.0,3.0,0.0,5.0,5.0,0.0,2.0,1.0,5.0,5.0,3.0,4.0,1.0,0.0,3.0,4.0,1.0,2.0,3.0,0.0,1.0,1.0,1.0,3.0,4.0,2.0,1.0,4.0,5.0,2.0,1.0,2.0,1.0,1.0,0.0,2.0
TYPE_0038,TypeI_Fiber,53.0,41.0,4.0,2.0,6.0,2.0,0.0,1.0,3.0,0.0,0.0,2.0,1.0,2.0,3.0,2.0,0.0,2.0,2.0,1.0,0.0,1.0,1.0,0.0,1.0,4.0,4.0,2.0,5.0,1.0,3.0,3.0,3.0,1.0,0.0,3.0,2.0,2.0,2.0,3.0,0.0,2.0,2.0,3.0,2.0,3.0,0.0,2.0,3.0,3.0,1.0,2.0,1.0,2.0,2.0,1.0,0.0,1.0,3.0,2.0,3.0,0.0,3.0,2.0,2.0,0.0,0.0,1.0,2.0,3.0,2.0,0.0,2.0,1.0,3.0,1.0,4.0,3.0,2.0,1.0,0.0,6.0,5.0,1.0,2.0,3.0,3.0,8.0,2.0,3.0,2.0,1.0,2.0,1.0,0.0,2.0,4.0,1.0,1.0,1.0
TYPE_0039,TypeI_Fiber,44.0,45.0,3.0,3.0,5.0,2.0,1.0,2.0,5.0,5.0,3.0,2.0,6.0,3.0,1.0,3.0,1.0,3.0,1.0,4.0,1.0,0.0,3.0,1.0,0.0,3.0,1.0,1.0,2.0,2.0,3.0,1.0,1.0,3.0,3.0,1.0,2.0,2.0,0.0,1.0,2.0,2.0,1.0,3.0,4.0,0.0,3.0,2.0,2.0,4.0,0.0,3.0,1.0,1.0,2.0,2.0,1.0,0.0,3.0,5.0,0.0,1.0,0.0,1.0,3.0,0.0,1.0,3.0,1.0,1.0,3.0,1.0,2.0,3.0,3.0,2.0,4.0,1.0,0.0,3.0,2.0,4.0,1.0,1.0,2.0,1.0,3.0,2.0,4.0,1.0,1.0,3.0,3.0,0.0,2.0,3.0,2.0,0.0,2.0,2.0
TYPE_0040,TypeI_Fiber,48.0,45.0,1.0,6.0,0.0,2.0,3.0,1.0,3.0,1.0,1.0,2.0,1.0,3.0,2.0,2.0,0.0,2.0,4.0,2.0,2.0,2.0,3.0,4.0,4.0,1.0,2.0,6.0,6.0,2.0,4.0,2.0,0.0,0.0,5.0,1.0,2.0,0.0,1.0,2.0,0.0,4.0,1.0,2.0,1.0,2.0,2.0,3.0,1.0,2.0,0.0,1.0,0.0,4.0,2.0,1.0,5.0,1.0,3.0,2.0,1.0,1.0,3.0,2.0,0.0,1.0,0.0,2.0,2.0,2.0,3.0,4.0,2.0,2.0,3.0,3.0,1.0,0.0,2.0,3.0,1.0,2.0,5.0,5.0,3.0,4.0,3.0,4.0,4.0,7.0,1.0,2.0,3.0,0.0,3.0,2.0,2.0,1.0,0.0,2.0
TYPE_0041,TypeI_Fiber,39.0,41.0,0.0,4.0,2.0,3.0,2.0,3.0,1.0,5.0,2.0,1.0,5.0,3.0,2.0,2.0,2.0,2.0,3.0,1.0,1.0,2.0,2.0,0.0,3.0,0.0,0.0,2.0,3.0,0.0,1.0,3.0,1.0,3.0,1.0,1.0,2.0,3.0,0.0,1.0,3.0,1.0,5.0,1.0,1.0,5.0,2.0,1.0,2.0,1.0,1.0,3.0,3.0,3.0,1.0,2.0,3.0,2.0,0.0,1.0,1.0,1.0,3.0,1.0,0.0,3.0,2.0,3.0,2.0,2.0,2.0,5.0,0.0,2.0,2.0,2.0,2.0,0.0,3.0,1.0,0.0,3.0,1.0,1.0,4.0,1.0,4.0,2.0,2.0,1.0,2.0,0.0,1.0,7.0,4.0,2.0,0.0,4.0,2.0,2.0
TYPE_0042,TypeI_Fiber,46.0,39.0,2.0,1.0,0.0,4.0,1.0,4.0,3.0,1.0,3.0,1.0,0.0,2.0,0.0,3.0,2.0,2.0,2.0,4.0,0.0,0.0,2.0,3.0,3.0,1.0,1.0,0.0,2.0,2.0,4.0,3.0,0.0,2.0,2.0,1.0,5.0,0.0,0.0,3.0,2.0,3.0,3.0,1.0,4.0,4.0,0.0,3.0,5.0,2.0,0.0,1.0,1.0,3.0,1.0,0.0,2.0,2.0,0.0,2.0,3.0,0.0,1.0,2.0,1.0,0.0,1.0,1.0,2.0,1.0,5.0,3.0,1.0,2.0,3.0,2.0,3.0,3.0,3.0,2.0,1.0,2.0,0.0,2.0,2.0,1.0,2.0,2.0,2.0,4.0,2.0,3.0,1.0,3.0,1.0,2.0,0.0,2.0,2.0,0.0
TYPE_0043,TypeI_Fiber,50.0,39.0,1.0,2.0,3.0,2.0,1.0,1.0,1.0,0.0,3.0,0.0,1.0,0.0,2.0,2.0,1.0,2.0,1.0,4.0,1.0,1.0,3.0,3.0,4.0,2.0,1.0,2.0,4.0,0.0,1.0,1.0,2.0,2.0,4.0,2.0,1.0,1.0,2.0,1.0,5.0,2.0,2.0,1.0,3.0,1.0,2.0,0.0,0.0,4.0,0.0,0.0,1.0,2.0,3.0,1.0,2.0,4.0,2.0,1.0,1.0,1.0,2.0,2.0,1.0,0.0,2.0,2.0,2.0,2.0,2.0,1.0,1.0,3.0,1.0,2.0,2.0,2.0,5.0,0.0,2.0,4.0,1.0,2.0,1.0,1.0,1.0,0.0,0.0,2.0,0.0,2.0,1.0,0.0,6.0,0.0,2.0,2.0,2.0,1.0
TYPE_0044,TypeI_Fiber,46.0,42.0,3.0,1.0,2.0,1.0,2.0,3.0,3.0,0.0,5.0,4.0,0.0,2.0,3.0,1.0,5.0,3.0,1.0,1.0,2.0,4.0,2.0,1.0,2.0,3.0,1.0,2.0,5.0,0.0,2.0,0.0,0.0,0.0,2.0,1.0,3.0,2.0,2.0,2.0,5.0,4.0,4.0,1.0,0.0,2.0,7.0,1.0,1.0,2.0,1.0,1.0,0.0,1.0,0.0,2.0,6.0,1.0,7.0,1.0,2.0,1.0,4.0,3.0,2.0,1.0,3.0,3.0,2.0,2.0,3.0,4.0,3.0,3.0,4.0,3.0,2.0,2.0,3.0,2.0,1.0,2.0,1.0,0.0,1.0,1.0,2.0,5.0,1.0,2.0,1.0,4.0,0.0,1.0,3.0,1.0,1.0,2.0,0.0,1.0
TYPE_0045,TypeI_Fiber,52.0,41.0,1.0,3.0,0.0,3.0,3.0,1.0,1.0,4.0,0.0,4.0,1.0,3.0,1.0,2.0,1.0,1.0,2.0,2.0,1.0,1.0,4.0,1.0,2.0,2.0,0.0,2.0,0.0,1.0,2.0,3.0,0.0,1.0,2.0,0.0,3.0,1.0,3.0,4.0,3.0,1.0,3.0,1.0,1.0,1.0,3.0,0.0,2.0,0.0,3.0,5.0,2.0,1.0,3.0,2.0,2.0,2.0,3.0,4.0,1.0,1.0,3.0,0.0,3.0,1.0,0.0,1.0,0.0,0.0,2.0,2.0,1.0,0.0,4.0,1.0,3.0,1.0,0.0,0.0,1.0,2.0,1.0,2.0,2.0,2.0,1.0,3.0,1.0,2.0,0.0,5.0,3.0,6.0,1.0,1.0,1.0,0.0,4.0,0.0
TYPE_0046,TypeI_Fiber,40.0,43.0,2.0,1.0,2.0,2.0,1.0,2.0,2.0,0.0,0.0,5.0,1.0,7.0,1.0,4.0,2.0,0.0,4.0,2.0,2.0,1.0,0.0,1.0,3.0,2.0,4.0,0.0,0.0,3.0,1.0,4.0,3.0,3.0,1.0,5.0,1.0,1.0,2.0,0.0,1.0,1.0,0.0,5.0,4.0,0.0,1.0,2.0,3.0,3.0,4.0,4.0,2.0,1.0,5.0,1.0,6.0,3.0,1.0,1.0,2.0,4.0,1.0,1.0,4.0,0.0,1.0,3.0,2.0,0.0,1.0,2.0,1.0,0.0,1.0,3.0,0.0,3.0,3.0,2.0,1.0,4.0,1.0,3.0,1.0,3.0,2.0,2.0,3.0,0.0,2.0,3.0,2.0,4.0,5.0,3.0,0.0,0.0,1.0,3.0
TYPE_0047,TypeI_Fiber,43.0,52.0,0.0,2.0,2.0,3.0,1.0,1.0,1.0,1.0,4.0,2.0,2.0,4.0,2.0,1.0,1.0,8.0,0.0,3.0,4.0,4.0,2.0,2.0,2.0,4.0,2.0,1.0,2.0,2.0,2.0,0.0,1.0,7.0,1.0,3.0,1.0,3.0,5.0,1.0,1.0,3.0,3.0,3.0,1.0,2.0,4.0,3.0,4.0,4.0,2.0,1.0,2.0,2.0,1.0,2.0,9.0,2.0,3.0,2.0,1.0,1.0,1.0,2.0,2.0,1.0,4.0,0.0,1.0,4.0,2.0,2.0,2.0,4.0,3.0,4.0,3.0,1.0,1.0,4.0,1.0,0.0,0.0,4.0,1.0,1.0,2.0,3.0,3.0,2.0,3.0,0.0,1.0,2.0,2.0,2.0,3.0,4.0,1.0,2.0
TYPE_0048,TypeI_Fiber,49.0,39.0,2.0,0.0,2.0,0.0,3.0,3.0,1.0,4.0,3.0,1.0,1.0,2.0,3.0,4.0,4.0,6.0,3.0,1.0,1.0,3.0,2.0,3.0,1.0,3.0,1.0,1.0,4.0,2.0,0.0,0.0,3.0,0.0,1.0,1.0,4.0,4.0,4.0,1.0,2.0,2.0,0.0,2.0,3.0,1.0,3.0,0.0,1.0,2.0,1.0,3.0,1.0,5.0,1.0,0.0,0.0,3.0,0.0,5.0,0.0,0.0,1.0,2.0,4.0,1.0,3.0,3.0,1.0,0.0,1.0,3.0,0.0,0.0,1.0,3.0,2.0,1.0,0.0,0.0,2.0,2.0,1.0,1.0,0.0,2.0,1.0,0.0,1.0,3.0,3.0,4.0,0.0,1.0,2.0,3.0,4.0,3.0,2.0,6.0
TYPE_0049,TypeI_Fiber,44.0,46.0,1.0,3.0,1.0,2.0,2.0,2.0,5.0,1.0,0.0,2.0,2.0,1.0,6.0,3.0,2.0,3.0,1.0,2.0,3.0,3.0,3.0,0.0,2.0,3.0,1.0,2.0,1.0,2.0,2.0,3.0,1.0,1.0,0.0,2.0,2.0,0.0,0.0,0.0,3.0,5.0,2.0,4.0,2.0,1.0,1.0,2.0,1.0,1.0,2.0,3.0,2.0,2.0,1.0,2.0,0.0,2.0,6.0,0.0,1.0,2.0,2.0,1.0,6.0,0.0,1.0,1.0,3.0,1.0,4.0,1.0,2.0,1.0,0.0,3.0,1.0,3.0,2.0,3.0,2.0,2.0,0.0,2.0,4.0,2.0,1.0,3.0,3.0,2.0,2.0,2.0,3.0,2.0,1.0,1.0,2.0,3.0,1.0,2.0
TYPE_0050,TypeI_Fiber,56.0,45.0,1.0,1.0,1.0,2.0,0.0,0.0,2.0,2.0,2.0,2.0,2.0,1.0,2.0,3.0,2.0,5.0,2.0,1.0,4.0,4.0,2.0,1.0,3.0,3.0,0.0,3.0,1.0,3.0,1.0,3.0,2.0,1.0,4.0,1.0,0.0,2.0,0.0,1.0,1.0,0.0,4.0,3.0,1.0,1.0,2.0,1.0,3.0,3.0,3.0,1.0,4.0,1.0,9.0,0.0,2.0,2.0,3.0,2.0,5.0,2.0,4.0,0.0,3.0,1.0,1.0,2.0,1.0,0.0,1.0,0.0,3.0,1.0,2.0,0.0,1.0,0.0,1.0,1.0,2.0,3.0,0.0,2.0,3.0,2.0,2.0,1.0,0.0,1.0,0.0,4.0,0.0,3.0,1.0,2.0,4.0,3.0,1.0,0.0
TYPE_0051,TypeI_Fiber,43.0,40.0,5.0,0.0,2.0,2.0,3.0,3.0,4.0,3.0,1.0,1.0,4.0,3.0,3.0,1.0,3.0,0.0,1.0,1.0,4.0,2.0,4.0,2.0,3.0,1.0,1.0,3.0,1.0,1.0,3.0,0.0,1.0,0.0,4.0,0.0,0.0,2.0,2.0,3.0,2.0,1.0,4.0,3.0,2.0,4.0,0.0,1.0,4.0,4.0,1.0,1.0,3.0,3.0,2.0,1.0,2.0,4.0,2.0,2.0,3.0,2.0,4.0,7.0,2.0,1.0,2.0,1.0,3.0,2.0,1.0,2.0,4.0,5.0,5.0,2.0,0.0,3.0,2.0,5.0,1.0,4.0,3.0,2.0,4.0,1.0,4.0,3.0,0.0,2.0,1.0,0.0,3.0,2.0,1.0,1.0,3.0,1.0,2.0,1.0
TYPE_0052,TypeI_Fiber,42.0,38.0,1.0,3.0,3.0,4.0,2.0,0.0,2.0,2.0,0.0,1.0,2.0,1.0,1.0,4.0,2.0,3.0,2.0,1.0,1.0,5.0,1.0,1.0,2.0,0.0,1.0,1.0,2.0,4.0,1.0,2.0,0.0,1.0,2.0,3.0,1.0,1.0,0.0,1.0,3.0,2.0,2.0,5.0,2.0,1.0,0.0,0.0,1.0,4.0,3.0,3.0,2.0,1.0,1.0,1.0,1.0,3.0,3.0,3.0,3.0,1.0,3.0,3.0,1.0,2.0,3.0,0.0,1.0,2.0,2.0,1.0,4.0,0.0,1.0,2.0,1.0,0.0,3.0,0.0,3.0,1.0,0.0,1.0,1.0,0.0,3.0,2.0,2.0,3.0,2.0,2.0,1.0,4.0,2.0,2.0,2.0,4.0,3.0,2.0
TYPE_0053,TypeI_Fiber,38.0,40.0,0.0,2.0,0.0,3.0,4.0,4.0,1.0,2.0,4.0,7.0,1.0,1.0,1.0,4.0,2.0,1.0,2.0,2.0,0.0,2.0,1.0,3.0,0.0,3.0,1.0,1.0,1.0,3.0,3.0,0.0,0.0,1.0,0.0,1.0,2.0,0.0,1.0,1.0,3.0,2.0,4.0,2.0,0.0,5.0,3.0,0.0,3.0,1.0,2.0,2.0,1.0,1.0,2.0,1.0,1.0,2.0,0.0,1.0,0.0,2.0,3.0,4.0,1.0,2.0,0.0,1.0,3.0,0.0,1.0,3.0,0.0,0.0,0.0,2.0,2.0,3.0,3.0,1.0,1.0,1.0,2.0,0.0,2.0,3.0,1.0,7.0,2.0,2.0,5.0,1.0,2.0,1.0,0.0,1.0,1.0,2.0,3.0,1.0
TYPE_0054,TypeI_Fiber,42.0,42.0,4.0,3.0,1.0,4.0,3.0,4.0,2.0,2.0,2.0,1.0,3.0,4.0,1.0,3.0,3.0,2.0,1.0,0.0,0.0,1.0,0.0,5.0,0.0,2.0,2.0,1.0,5.0,1.0,6.0,2.0,1.0,2.0,2.0,2.0,2.0,1.0,2.0,1.0,3.0,3.0,2.0,2.0,4.0,3.0,1.0,0.0,1.0,1.0,4.0,1.0,5.0,1.0,0.0,1.0,0.0,6.0,1.0,6.0,1.0,0.0,2.0,3.0,3.0,2.0,2.0,0.0,0.0,1.0,2.0,3.0,3.0,2.0,0.0,3.0,1.0,2.0,0.0,1.0,0.0,3.0,2.0,5.0,1.0,0.0,4.0,1.0,4.0,4.0,3.0,1.0,0.0,0.0,1.0,2.0,4.0,1.0,3.0,4.0
TYPE_0055,TypeI_Fiber,42.0,49.0,1.0,0.0,2.0,1.0,0.0,2.0,4.0,4.0,1.0,1.0,1.0,3.0,4.0,2.0,3.0,4.0,3.0,5.0,4.0,2.0,2.0,1.0,2.0,1.0,0.0,0.0,3.0,1.0,4.0,6.0,1.0,1.0,3.0,3.0,3.0,2.0,3.0,2.0,1.0,1.0,4.0,3.0,3.0,2.0,0.0,2.0,0.0,3.0,5.0,5.0,1.0,2.0,1.0,1.0,2.0,5.0,2.0,1.0,0.0,1.0,3.0,2.0,2.0,2.0,2.0,2.0,1.0,0.0,4.0,4.0,2.0,2.0,2.0,0.0,2.0,0.0,2.0,1.0,2.0,3.0,1.0,3.0,2.0,6.0,4.0,2.0,1.0,2.0,7.0,3.0,4.0,1.0,5.0,2.0,3.0,2.0,2.0,0.0
TYPE_0056,TypeI_Fiber,46.0,35.0,1.0,2.0,0.0,1.0,1.0,1.0,2.0,2.0,3.0,1.0,2.0,6.0,1.0,0.0,2.0,2.0,8.0,4.0,1.0,4.0,4.0,2.0,3.0,1.0,1.0,3.0,2.0,3.0,1.0,3.0,4.0,3.0,1.0,1.0,3.0,3.0,1.0,3.0,1.0,2.0,1.0,0.0,3.0,2.0,6.0,0.0,3.0,3.0,5.0,2.0,1.0,2.0,5.0,2.0,1.0,4.0,3.0,3.0,1.0,1.0,0.0,2.0,2.0,2.0,3.0,4.0,1.0,5.0,3.0,2.0,2.0,1.0,2.0,1.0,2.0,2.0,2.0,1.0,1.0,3.0,1.0,2.0,1.0,1.0,3.0,4.0,1.0,1.0,2.0,1.0,2.0,6.0,1.0,0.0,1.0,3.0,1.0,1.0
TYPE_0057,TypeI_Fiber,50.0,42.0,1.0,3.0,0.0,2.0,3.0,3.0,3.0,0.0,2.0,5.0,3.0,0.0,0.0,3.0,1.0,1.0,0.0,1.0,2.0,0.0,2.0,0.0,2.0,2.0,1.0,0.0,2.0,2.0,0.0,3.0,2.0,1.0,2.0,3.0,2.0,5.0,1.0,1.0,2.0,2.0,3.0,0.0,1.0,2.0,0.0,3.0,4.0,3.0,4.0,3.0,2.0,1.0,1.0,0.0,1.0,1.0,0.0,2.0,4.0,2.0,3.0,3.0,1.0,3.0,0.0,2.0,1.0,3.0,2.0,1.0,1.0,3.0,2.0,2.0,5.0,2.0,2.0,0.0,2.0,2.0,1.0,0.0,3.0,1.0,0.0,2.0,1.0,3.0,4.0,5.0,1.0,5.0,1.0,0.0,3.0,1.0,1.0,2.0
TYPE_0058,TypeI_Fiber,44.0,53.0,3.0,1.0,3.0,2.0,2.0,2.0,1.0,7.0,0.0,1.0,2.0,3.0,4.0,2.0,0.0,1.0,0.0,5.0,1.0,3.0,1.0,3.0,2.0,2.0,3.0,3.0,3.0,4.0,0.0,3.0,3.0,1.0,3.0,0.0,3.0,0.0,0.0,1.0,2.0,1.0,6.0,3.0,5.0,2.0,3.0,4.0,1.0,4.0,0.0,1.0,0.0,3.0,2.0,2.0,2.0,4.0,1.0,3.0,2.0,0.0,1.0,0.0,0.0,2.0,3.0,2.0,2.0,8.0,1.0,0.0,2.0,3.0,1.0,0.0,2.0,1.0,2.0,1.0,1.0,2.0,3.0,1.0,2.0,2.0,4.0,1.0,1.0,2.0,0.0,1.0,1.0,0.0,4.0,1.0,5.0,2.0,2.0,2.0
TYPE_0059,TypeI_Fiber,47.0,51.0,4.0,1.0,4.0,2.0,2.0,0.0,2.0,2.0,2.0,3.0,3.0,3.0,4.0,2.0,3.0,2.0,1.0,4.0,4.0,5.0,3.0,4.0,1.0,2.0,3.0,1.0,1.0,2.0,2.0,3.0,2.0,3.0,1.0,1.0,0.0,2.0,5.0,0.0,1.0,1.0,1.0,2.0,3.0,2.0,0.0,2.0,1.0,2.0,3.0,2.0,2.0,1.0,0.0,1.0,1.0,0.0,5.0,3.0,3.0,0.0,1.0,4.0,0.0,3.0,2.0,2.0,2.0,4.0,1.0,2.0,0.0,4.0,2.0,4.0,3.0,4.0,0.0,4.0,3.0,1.0,1.0,5.0,1.0,0.0,2.0,3.0,2.0,3.0,2.0,2.0,3.0,2.0,3.0,3.0,0.0,3.0,0.0,2.0
TYPE_0060,TypeI_Fiber,49.0,45.0,2.0,3.0,3.0,4.0,2.0,1.0,6.0,2.0,2.0,2.0,2.0,1.0,4.0,1.0,4.0,7.0,3.0,3.0,1.0,3.0,4.0,3.0,1.0,2.0,3.0,2.0,2.0,1.0,1.0,0.0,1.0,1.0,4.0,0.0,0.0,0.0,0.0,2.0,3.0,5.0,0.0,0.0,1.0,0.0,1.0,2.0,0.0,4.0,2.0,1.0,1.0,4.0,5.0,1.0,2.0,1.0,2.0,1.0,1.0,2.0,2.0,1.0,2.0,4.0,3.0,0.0,2.0,0.0,2.0,0.0,2.0,4.0,3.0,3.0,1.0,2.0,3.0,5.0,0.0,1.0,1.0,2.0,2.0,2.0,4.0,0.0,1.0,0.0,1.0,4.0,1.0,0.0,5.0,3.0,2.0,2.0,3.0,2.0
TYPE_0001,TypeII_Fiber,4.0,47.0,3.0,2.0,3.0,1.0,1.0,3.0,2.0,1.0,1.0,1.0,2.0,2.0,1.0,3.0,3.0,2.0,2.0,2.0,2.0,3.0,5.0,2.0,2.0,1.0,0.0,2.0,0.0,3.0,3.0,2.0,0.0,3.0,3.0,3.0,2.0,2.0,2.0,0.0,2.0,0.0,2.0,2.0,4.0,2.0,2.0,2.0,0.0,3.0,3.0,2.0,1.0,4.0,2.0,1.0,3.0,1.0,2.0,1.0,1.0,3.0,0.0,1.0,1.0,2.0,3.0,2.0,3.0,2.0,3.0,1.0,1.0,1.0,3.0,3.0,2.0,0.0,1.0,2.0,2.0,2.0,0.0,3.0,3.0,2.0,1.0,4.0,2.0,4.0,1.0,2.0,2.0,0.0,1.0,2.0,5.0,4.0,4.0,2.0
TYPE_0002,TypeII_Fiber,1.0,46.0,4.0,3.0,2.0,1.0,2.0,4.0,3.0,2.0,2.0,1.0,5.0,3.0,2.0,2.0,4.0,3.0,1.0,2.0,3.0,1.0,0.0,0.0,1.0,0.0,2.0,1.0,1.0,0.0,1.0,1.0,1.0,5.0,2.0,2.0,2.0,3.0,1.0,1.0,2.0,0.0,5.0,2.0,2.0,1.0,0.0,4.0,0.0,2.0,4.0,3.0,2.0,1.0,3.0,3.0,0.0,0.0,1.0,2.0,7.0,1.0,2.0,2.0,1.0,2.0,2.0,0.0,0.0,2.0,2.0,0.0,3.0,3.0,4.0,2.0,2.0,3.0,4.0,1.0,2.0,1.0,6.0,1.0,7.0,2.0,2.0,5.0,2.0,2.0,2.0,3.0,2.0,0.0,1.0,2.0,3.0,2.0,1.0,3.0
TYPE_0003,TypeII_Fiber,3.0,36.0,1.0,1.0,2.0,3.0,4.0,1.0,1.0,2.0,1.0,0.0,4.0,0.0,2.0,3.0,1.0,0.0,3.0,1.0,2.0,1.0,3.0,4.0,2.0,2.0,3.0,0.0,5.0,1.0,3.0,0.0,3.0,3.0,3.0,1.0,3.0,0.0,1.0,2.0,2.0,1.0,1.0,2.0,1.0,2.0,2.0,2.0,1.0,2.0,0.0,1.0,1.0,6.0,1.0,1.0,1.0,7.0,1.0,1.0,2.0,2.0,3.0,2.0,2.0,2.0,2.0,0.0,2.0,2.0,2.0,2.0,3.0,2.0,2.0,1.0,1.0,1.0,1.0,1.0,3.0,1.0,2.0,1.0,0.0,0.0,1.0,5.0,4.0,3.0,2.0,2.0,0.0,0.0,0.0,4.0,2.0,1.0,2.0,1.0
TYPE_0004,TypeII_Fiber,2.0,52.0,5.0,1.0,5.0,2.0,2.0,1.0,1.0,2.0,2.0,2.0,2.0,0.0,3.0,1.0,1.0,0.0,1.0,3.0,3.0,3.0,2.0,0.0,1.0,1.0,2.0,4.0,2.0,0.0,1.0,3.0,1.0,2.0,2.0,3.0,3.0,2.0,0.0,3.0,2.0,1.0,3.0,1.0,2.0,4.0,5.0,4.0,3.0,3.0,0.0,2.0,1.0,1.0,2.0,4.0,3.0,3.0,0.0,2.0,3.0,2.0,3.0,0.0,3.0,5.0,1.0,4.0,1.0,4.0,0.0,3.0,2.0,3.0,4.0,1.0,0.0,1.0,3.0,1.0,1.0,1.0,1.0,3.0,2.0,4.0,2.0,4.0,0.0,1.0,5.0,2.0,1.0,1.0,4.0,1.0,1.0,1.0,0.0,3.0
TYPE_0005,TypeII_Fiber,0.0,52.0,3.0,4.0,3.0,1.0,2.0,3.0,0.0,3.0,0.0,1.0,4.0,1.0,0.0,2.0,3.0,4.0,1.0,0.0,2.0,0.0,2.0,3.0,6.0,2.0,3.0,0.0,6.0,1.0,5.0,2.0,4.0,3.0,0.0,2.0,6.0,1.0,4.0,2.0,2.0,1.0,1.0,2.0,4.0,2.0,2.0,0.0,3.0,2.0,2.0,7.0,4.0,3.0,3.0,1.0,0.0,0.0,0.0,2.0,2.0,2.0,2.0,4.0,2.0,4.0,0.0,3.0,1.0,2.0,4.0,5.0,6.0,5.0,2.0,2.0,0.0,7.0,2.0,4.0,2.0,3.0,3.0,2.0,3.0,1.0,1.0,0.0,2.0,0.0,0.0,1.0,2.0,2.0,3.0,1.0,2.0,1.0,2.0,2.0
TYPE_0006,TypeII_Fiber,2.0,39.0,1.0,2.0,2.0,2.0,2.0,0.0,3.0,0.0,1.0,2.0,1.0,1.0,2.0,1.0,2.0,1.0,1.0,1.0,2.0,2.0,0.0,1.0,0.0,2.0,4.0,1.0,0.0,2.0,2.0,1.0,3.0,4.0,1.0,2.0,4.0,1.0,2.0,1.0,5.0,4.0,2.0,1.0,3.0,1.0,0.0,2.0,1.0,2.0,5.0,2.0,2.0,0.0,2.0,1.0,2.0,4.0,3.0,1.0,1.0,3.0,1.0,0.0,1.0,1.0,3.0,1.0,2.0,4.0,5.0,4.0,1.0,1.0,5.0,2.0,2.0,1.0,1.0,1.0,3.0,1.0,2.0,1.0,0.0,3.0,2.0,2.0,1.0,0.0,3.0,3.0,0.0,2.0,1.0,2.0,2.0,3.0,0.0,2.0
TYPE_0007,TypeII_Fiber,3.0,45.0,2.0,3.0,1.0,1.0,3.0,2.0,1.0,2.0,2.0,3.0,1.0,3.0,0.0,2.0,6.0,1.0,1.0,1.0,2.0,3.0,0.0,2.0,2.0,2.0,3.0,2.0,3.0,2.0,3.0,2.0,2.0,4.0,2.0,0.0,2.0,3.0,2.0,2.0,1.0,4.0,1.0,1.0,0.0,1.0,0.0,3.0,6.0,0.0,2.0,2.0,6.0,4.0,0.0,2.0,0.0,3.0,2.0,2.0,2.0,3.0,5.0,3.0,4.0,2.0,2.0,2.0,2.0,1.0,2.0,4.0,2.0,0.0,0.0,2.0,1.0,0.0,2.0,2.0,2.0,5.0,3.0,1.0,2.0,1.0,1.0,2.0,1.0,3.0,1.0,1.0,2.0,4.0,1.0,3.0,2.0,2.0,4.0,4.0
TYPE_0008,TypeII_Fiber,1.0,41.0,2.0,2.0,1.0,0.0,1.0,2.0,3.0,2.0,0.0,1.0,3.0,1.0,3.0,0.0,3.0,1.0,3.0,3.0,2.0,1.0,1.0,2.0,2.0,4.0,1.0,0.0,3.0,1.0,6.0,1.0,2.0,6.0,4.0,1.0,1.0,1.0,0.0,1.0,1.0,7.0,0.0,2.0,4.0,2.0,3.0,0.0,0.0,4.0,2.0,2.0,0.0,2.0,4.0,1.0,5.0,3.0,3.0,1.0,4.0,1.0,7.0,3.0,1.0,1.0,2.0,0.0,1.0,1.0,0.0,2.0,1.0,2.0,1.0,1.0,1.0,2.0,2.0,0.0,1.0,1.0,2.0,0.0,2.0,2.0,5.0,2.0,2.0,0.0,0.0,0.0,2.0,1.0,2.0,1.0,4.0,2.0,0.0,2.0
TYPE_0009,TypeII_Fiber,0.0,41.0,5.0,4.0,4.0,3.0,2.0,3.0,1.0,2.0,3.0,1.0,1.0,4.0,1.0,1.0,1.0,2.0,2.0,2.0,0.0,2.0,2.0,4.0,0.0,2.0,0.0,2.0,2.0,3.0,2.0,3.0,2.0,2.0,3.0,4.0,0.0,5.0,5.0,2.0,1.0,0.0,1.0,3.0,1.0,2.0,0.0,1.0,6.0,2.0,4.0,2.0,0.0,1.0,1.0,5.0,1.0,1.0,1.0,2.0,1.0,2.0,1.0,2.0,4.0,0.0,1.0,1.0,3.0,3.0,4.0,2.0,3.0,3.0,0.0,2.0,1.0,2.0,1.0,2.0,1.0,0.0,4.0,2.0,3.0,0.0,3.0,3.0,1.0,1.0,2.0,3.0,0.0,2.0,1.0,1.0,0.0,2.0,2.0,4.0
TYPE_0010,TypeII_Fiber,2.0,45.0,1.0,1.0,0.0,3.0,1.0,2.0,2.0,1.0,2.0,4.0,1.0,0.0,2.0,2.0,2.0,1.0,0.0,5.0,0.0,2.0,1.0,3.0,2.0,2.0,3.0,2.0,0.0,5.0,6.0,2.0,4.0,7.0,0.0,3.0,1.0,1.0,2.0,3.0,1.0,2.0,1.0,2.0,0.0,2.0,0.0,5.0,3.0,3.0,1.0,2.0,3.0,1.0,1.0,1.0,0.0,3.0,1.0,1.0,3.0,1.0,1.0,0.0,3.0,0.0,2.0,2.0,4.0,3.0,2.0,5.0,1.0,4.0,3.0,1.0,2.0,1.0,3.0,3.0,1.0,3.0,3.0,4.0,3.0,4.0,2.0,1.0,1.0,2.0,0.0,1.0,3.0,1.0,1.0,2.0,3.0,0.0,1.0,3.0
TYPE_0011,TypeII_Fiber,5.0,40.0,1.0,1.0,3.0,1.0,3.0,0.0,3.0,2.0,1.0,1.0,6.0,8.0,5.0,0.0,1.0,1.0,1.0,2.0,2.0,0.0,1.0,2.0,0.0,2.0,2.0,0.0,2.0,2.0,0.0,4.0,2.0,0.0,1.0,2.0,0.0,4.0,3.0,1.0,0.0,4.0,0.0,2.0,1.0,0.0,3.0,2.0,0.0,2.0,1.0,6.0,0.0,5.0,1.0,1.0,2.0,4.0,4.0,1.0,2.0,3.0,1.0,2.0,2.0,3.0,2.0,2.0,5.0,3.0,2.0,3.0,1.0,2.0,5.0,3.0,2.0,0.0,4.0,1.0,0.0,4.0,0.0,3.0,2.0,2.0,2.0,0.0,4.0,1.0,2.0,2.0,1.0,2.0,3.0,1.0,1.0,5.0,1.0,3.0
TYPE_0012,TypeII_Fiber,1.0,49.0,0.0,4.0,2.0,0.0,3.0,2.0,1.0,0.0,2.0,0.0,2.0,1.0,3.0,0.0,5.0,1.0,1.0,3.0,4.0,3.0,3.0,2.0,2.0,2.0,5.0,1.0,1.0,1.0,0.0,0.0,0.0,3.0,1.0,2.0,0.0,1.0,1.0,5.0,1.0,4.0,1.0,1.0,2.0,1.0,1.0,4.0,3.0,2.0,3.0,2.0,2.0,2.0,0.0,2.0,1.0,1.0,5.0,4.0,1.0,3.0,1.0,5.0,2.0,2.0,5.0,1.0,2.0,5.0,0.0,0.0,0.0,1.0,5.0,3.0,10.0,2.0,2.0,5.0,3.0,2.0,1.0,2.0,6.0,1.0,3.0,3.0,4.0,4.0,3.0,2.0,4.0,3.0,1.0,2.0,0.0,1.0,2.0,2.0
TYPE_0013,TypeII_Fiber,1.0,42.0,2.0,1.0,3.0,1.0,1.0,1.0,1.0,0.0,2.0,1.0,2.0,5.0,4.0,2.0,2.0,5.0,0.0,0.0,2.0,1.0,0.0,3.0,3.0,2.0,1.0,2.0,4.0,3.0,2.0,2.0,3.0,3.0,2.0,3.0,1.0,2.0,5.0,2.0,0.0,5.0,2.0,3.0,2.0,1.0,2.0,2.0,5.0,0.0,2.0,3.0,1.0,2.0,2.0,5.0,2.0,1.0,2.0,3.0,2.0,5.0,4.0,2.0,0.0,1.0,0.0,3.0,0.0,3.0,1.0,4.0,2.0,2.0,2.0,0.0,1.0,2.0,3.0,2.0,1.0,1.0,1.0,0.0,2.0,3.0,0.0,1.0,1.0,2.0,6.0,3.0,2.0,3.0,1.0,3.0,1.0,1.0,2.0,0.0
TYPE_0014,TypeII_Fiber,1.0,46.0,1.0,1.0,2.0,3.0,2.0,2.0,0.0,0.0,1.0,4.0,3.0,5.0,0.0,0.0,0.0,0.0,1.0,1.0,1.0,4.0,3.0,2.0,1.0,0.0,0.0,4.0,1.0,2.0,4.0,1.0,1.0,0.0,1.0,1.0,2.0,3.0,2.0,1.0,2.0,4.0,1.0,2.0,2.0,1.0,3.0,3.0,1.0,6.0,0.0,4.0,1.0,1.0,2.0,3.0,2.0,3.0,2.0,1.0,1.0,1.0,3.0,6.0,2.0,1.0,3.0,1.0,5.0,1.0,2.0,3.0,0.0,4.0,2.0,3.0,4.0,2.0,1.0,3.0,0.0,3.0,0.0,3.0,1.0,2.0,2.0,2.0,5.0,1.0,2.0,0.0,2.0,1.0,4.0,3.0,2.0,1.0,0.0,3.0
TYPE_0015,TypeII_Fiber,4.0,51.0,1.0,4.0,4.0,2.0,1.0,2.0,0.0,1.0,4.0,0.0,0.0,2.0,0.0,0.0,3.0,0.0,3.0,1.0,1.0,6.0,3.0,1.0,1.0,0.0,2.0,2.0,2.0,2.0,2.0,0.0,3.0,3.0,5.0,3.0,1.0,1.0,0.0,2.0,2.0,2.0,1.0,3.0,3.0,1.0,4.0,3.0,4.0,3.0,2.0,1.0,4.0,5.0,5.0,2.0,1.0,2.0,2.0,3.0,2.0,1.0,3.0,1.0,1.0,0.0,1.0,2.0,2.0,2.0,4.0,3.0,2.0,1.0,0.0,2.0,1.0,2.0,1.0,2.0,1.0,2.0,3.0,1.0,3.0,4.0,2.0,0.0,3.0,0.0,4.0,1.0,0.0,1.0,1.0,1.0,1.0,4.0,1.0,2.0
TYPE_0016,TypeII_Fiber,0.0,46.0,2.0,2.0,2.0,1.0,1.0,0.0,0.0,2.0,2.0,2.0,3.0,1.0,0.0,0.0,2.0,1.0,1.0,1.0,1.0,2.0,2.0,3.0,2.0,3.0,4.0,2.0,1.0,1.0,3.0,1.0,1.0,2.0,1.0,1.0,1.0,3.0,0.0,0.0,3.0,2.0,4.0,2.0,4.0,1.0,3.0,2.0,4.0,2.0,1.0,5.0,3.0,2.0,1.0,2.0,2.0,4.0,3.0,0.0,0.0,0.0,1.0,0.0,4.0,5.0,1.0,4.0,0.0,2.0,1.0,1.0,2.0,2.0,2.0,2.0,5.0,3.0,3.0,1.0,0.0,2.0,0.0,1.0,1.0,1.0,1.0,1.0,4.0,3.0,2.0,2.0,2.0,1.0,1.0,4.0,4.0,3.0,2.0,0.0
TYPE_0017,TypeII_Fiber,2.0,47.0,1.0,2.0,1.0,2.0,3.0,1.0,0.0,0.0,2.0,2.0,2.0,3.0,1.0,2.0,3.0,1.0,1.0,1.0,3.0,2.0,1.0,3.0,1.0,1.0,5.0,3.0,1.0,1.0,2.0,2.0,1.0,6.0,2.0,5.0,5.0,3.0,1.0,2.0,1.0,4.0,0.0,2.0,1.0,1.0,2.0,3.0,5.0,0.0,1.0,3.0,1.0,1.0,1.0,2.0,4.0,2.0,4.0,1.0,1.0,2.0,1.0,1.0,2.0,0.0,1.0,1.0,0.0,4.0,1.0,1.0,3.0,0.0,0.0,5.0,3.0,1.0,3.0,4.0,4.0,0.0,3.0,4.0,3.0,3.0,2.0,2.0,2.0,2.0,5.0,2.0,1.0,2.0,3.0,0.0,0.0,1.0,5.0,3.0
TYPE_0018,TypeII_Fiber,3.0,43.0,1.0,0.0,3.0,1.0,3.0,1.0,1.0,1.0,0.0,0.0,2.0,2.0,2.0,1.0,2.0,2.0,3.0,3.0,1.0,3.0,2.0,3.0,4.0,2.0,5.0,1.0,1.0,3.0,1.0,0.0,1.0,1.0,5.0,2.0,2.0,3.0,4.0,1.0,2.0,2.0,0.0,2.0,3.0,2.0,2.0,3.0,1.0,0.0,2.0,1.0,3.0,2.0,0.0,2.0,4.0,2.0,1.0,1.0,2.0,1.0,1.0,3.0,2.0,2.0,0.0,2.0,3.0,5.0,1.0,5.0,2.0,1.0,1.0,0.0,2.0,3.0,1.0,2.0,1.0,1.0,3.0,2.0,1.0,4.0,0.0,2.0,3.0,4.0,3.0,0.0,2.0,1.0,0.0,1.0,0.0,3.0,2.0,1.0
TYPE_0019,TypeII_Fiber,3.0,43.0,3.0,2.0,1.0,1.0,4.0,3.0,2.0,2.0,0.0,1.0,1.0,1.0,2.0,1.0,1.0,0.0,1.0,2.0,6.0,0.0,3.0,1.0,1.0,0.0,2.0,4.0,3.0,2.0,2.0,3.0,1.0,2.0,2.0,0.0,1.0,3.0,0.0,3.0,4.0,0.0,1.0,4.0,2.0,1.0,4.0,1.0,1.0,2.0,1.0,2.0,2.0,1.0,3.0,0.0,2.0,5.0,1.0,1.0,2.0,3.0,1.0,0.0,2.0,4.0,6.0,3.0,2.0,4.0,0.0,2.0,0.0,1.0,4.0,1.0,3.0,4.0,3.0,2.0,2.0,2.0,6.0,7.0,2.0,2.0,1.0,0.0,4.0,2.0,3.0,2.0,1.0,1.0,2.0,1.0,2.0,1.0,3.0,0.0
TYPE_0020,TypeII_Fiber,2.0,51.0,0.0,2.0,3.0,1.0,0.0,2.0,0.0,2.0,2.0,2.0,1.0,0.0,5.0,0.0,4.0,1.0,3.0,5.0,3.0,1.0,3.0,1.0,2.0,2.0,4.0,1.0,3.0,0.0,1.0,3.0,1.0,4.0,4.0,3.0,3.0,3.0,2.0,1.0,2.0,3.0,0.0,4.0,3.0,0.0,4.0,5.0,1.0,1.0,1.0,1.0,2.0,3.0,1.0,1.0,0.0,1.0,3.0,2.0,4.0,2.0,5.0,2.0,4.0,3.0,1.0,3.0,1.0,1.0,2.0,3.0,0.0,1.0,2.0,2.0,2.0,3.0,4.0,2.0,1.0,5.0,3.0,4.0,2.0,1.0,2.0,1.0,2.0,1.0,3.0,1.0,2.0,4.0,5.0,2.0,1.0,1.0,1.0,0.0
TYPE_0021,TypeII_Fiber,1.0,47.0,4.0,0.0,3.0,1.0,2.0,2.0,0.0,3.0,4.0,2.0,0.0,2.0,3.0,3.0,0.0,1.0,1.0,1.0,6.0,1.0,3.0,2.0,2.0,2.0,2.0,1.0,3.0,1.0,4.0,3.0,2.0,1.0,2.0,3.0,4.0,3.0,5.0,2.0,2.0,3.0,3.0,2.0,3.0,4.0,1.0,3.0,3.0,1.0,4.0,1.0,1.0,3.0,1.0,0.0,1.0,2.0,4.0,0.0,1.0,3.0,3.0,0.0,0.0,1.0,7.0,3.0,3.0,4.0,4.0,3.0,0.0,3.0,1.0,3.0,1.0,3.0,0.0,1.0,0.0,7.0,1.0,3.0,3.0,5.0,0.0,2.0,1.0,2.0,3.0,2.0,3.0,1.0,2.0,3.0,3.0,0.0,2.0,1.0
TYPE_0022,TypeII_Fiber,2.0,43.0,2.0,1.0,2.0,2.0,2.0,2.0,2.0,2.0,0.0,0.0,1.0,4.0,2.0,1.0,1.0,1.0,1.0,1.0,1.0,2.0,2.0,2.0,2.0,3.0,1.0,0.0,0.0,1.0,4.0,2.0,1.0,0.0,2.0,5.0,1.0,5.0,1.0,1.0,3.0,6.0,1.0,5.0,1.0,2.0,4.0,2.0,1.0,3.0,1.0,1.0,1.0,0.0,0.0,1.0,2.0,1.0,2.0,1.0,1.0,0.0,2.0,1.0,1.0,5.0,0.0,3.0,1.0,1.0,1.0,4.0,2.0,2.0,2.0,4.0,4.0,2.0,4.0,1.0,1.0,1.0,2.0,5.0,2.0,1.0,3.0,3.0,3.0,0.0,2.0,0.0,5.0,2.0,3.0,6.0,1.0,3.0,5.0,1.0
TYPE_0023,TypeII_Fiber,3.0,46.0,2.0,3.0,2.0,3.0,2.0,0.0,2.0,1.0,3.0,4.0,1.0,5.0,3.0,0.0,2.0,0.0,2.0,0.0,1.0,0.0,1.0,5.0,2.0,3.0,0.0,1.0,3.0,4.0,3.0,4.0,0.0,4.0,1.0,3.0,1.0,2.0,2.0,3.0,4.0,0.0,4.0,3.0,5.0,5.0,2.0,1.0,0.0,1.0,4.0,3.0,3.0,1.0,5.0,3.0,3.0,2.0,2.0,0.0,1.0,3.0,0.0,2.0,1.0,0.0,0.0,2.0,2.0,0.0,3.0,1.0,1.0,3.0,1.0,4.0,3.0,2.0,1.0,2.0,4.0,1.0,0.0,3.0,1.0,1.0,3.0,0.0,2.0,2.0,0.0,3.0,1.0,0.0,0.0,2.0,2.0,5.0,1.0,2.0
TYPE_0024,TypeII_Fiber,3.0,40.0,4.0,5.0,1.0,2.0,3.0,1.0,1.0,2.0,0.0,2.0,0.0,3.0,2.0,2.0,0.0,0.0,2.0,6.0,2.0,1.0,0.0,1.0,2.0,0.0,2.0,2.0,5.0,2.0,2.0,1.0,1.0,0.0,0.0,1.0,3.0,1.0,2.0,1.0,0.0,3.0,2.0,3.0,2.0,1.0,2.0,1.0,2.0,0.0,1.0,2.0,3.0,1.0,3.0,0.0,3.0,3.0,1.0,3.0,0.0,2.0,3.0,0.0,5.0,2.0,2.0,1.0,2.0,1.0,2.0,4.0,4.0,1.0,5.0,3.0,0.0,5.0,0.0,3.0,2.0,0.0,1.0,2.0,1.0,2.0,1.0,0.0,0.0,1.0,3.0,6.0,1.0,2.0,0.0,2.0,2.0,3.0,2.0,0.0
TYPE_0025,TypeII_Fiber,3.0,41.0,2.0,1.0,3.0,2.0,4.0,0.0,3.0,2.0,0.0,0.0,1.0,3.0,3.0,1.0,2.0,0.0,1.0,3.0,2.0,2.0,1.0,1.0,3.0,1.0,1.0,1.0,5.0,1.0,2.0,2.0,3.0,0.0,4.0,5.0,3.0,4.0,0.0,4.0,3.0,1.0,3.0,2.0,2.0,2.0,2.0,2.0,1.0,1.0,1.0,1.0,2.0,4.0,1.0,3.0,2.0,0.0,1.0,0.0,4.0,3.0,2.0,2.0,3.0,0.0,2.0,1.0,0.0,1.0,2.0,4.0,2.0,2.0,2.0,4.0,2.0,2.0,1.0,3.0,4.0,2.0,1.0,1.0,3.0,2.0,0.0,5.0,4.0,1.0,3.0,0.0,0.0,1.0,3.0,1.0,0.0,6.0,1.0,1.0
TYPE_0026,TypeII_Fiber,0.0,44.0,3.0,0.0,0.0,2.0,1.0,0.0,1.0,1.0,3.0,1.0,4.0,2.0,5.0,2.0,4.0,4.0,4.0,2.0,2.0,0.0,1.0,4.0,3.0,1.0,1.0,3.0,3.0,1.0,1.0,1.0,2.0,0.0,5.0,2.0,3.0,1.0,0.0,3.0,0.0,1.0,3.0,2.0,1.0,1.0,4.0,7.0,1.0,1.0,0.0,3.0,0.0,1.0,4.0,2.0,2.0,5.0,4.0,0.0,1.0,0.0,1.0,1.0,4.0,2.0,3.0,5.0,2.0,1.0,1.0,2.0,2.0,1.0,2.0,0.0,4.0,2.0,3.0,2.0,2.0,1.0,3.0,1.0,2.0,2.0,1.0,0.0,2.0,2.0,4.0,4.0,1.0,3.0,1.0,1.0,2.0,2.0,5.0,2.0
TYPE_0027,TypeII_Fiber,1.0,39.0,3.0,2.0,1.0,2.0,4.0,2.0,3.0,1.0,2.0,2.0,4.0,0.0,3.0,2.0,3.0,2.0,3.0,1.0,3.0,3.0,0.0,2.0,1.0,3.0,1.0,3.0,1.0,3.0,1.0,3.0,2.0,1.0,3.0,1.0,2.0,2.0,1.0,2.0,1.0,5.0,2.0,1.0,2.0,4.0,2.0,1.0,3.0,2.0,0.0,0.0,1.0,3.0,1.0,0.0,0.0,0.0,2.0,3.0,1.0,2.0,2.0,1.0,5.0,3.0,3.0,1.0,2.0,2.0,4.0,0.0,1.0,2.0,5.0,2.0,2.0,1.0,1.0,3.0,1.0,3.0,1.0,0.0,3.0,0.0,1.0,0.0,2.0,3.0,1.0,2.0,1.0,1.0,1.0,4.0,2.0,1.0,1.0,2.0
TYPE_0028,TypeII_Fiber,1.0,45.0,3.0,1.0,2.0,2.0,2.0,4.0,2.0,3.0,4.0,2.0,1.0,4.0,2.0,2.0,2.0,1.0,1.0,1.0,5.0,1.0,1.0,3.0,3.0,0.0,1.0,3.0,3.0,1.0,2.0,1.0,2.0,5.0,0.0,2.0,3.0,1.0,3.0,0.0,2.0,6.0,4.0,1.0,1.0,2.0,3.0,1.0,3.0,5.0,0.0,4.0,2.0,1.0,4.0,4.0,2.0,4.0,1.0,3.0,2.0,1.0,2.0,2.0,2.0,1.0,6.0,2.0,2.0,1.0,1.0,1.0,2.0,0.0,3.0,2.0,4.0,3.0,1.0,1.0,4.0,0.0,2.0,2.0,2.0,1.0,4.0,5.0,1.0,3.0,2.0,2.0,3.0,2.0,3.0,1.0,1.0,0.0,2.0,1.0
TYPE_0029,TypeII_Fiber,2.0,43.0,1.0,2.0,0.0,2.0,0.0,1.0,2.0,1.0,2.0,0.0,1.0,0.0,1.0,1.0,2.0,0.0,0.0,3.0,2.0,2.0,4.0,2.0,4.0,1.0,2.0,4.0,0.0,2.0,3.0,1.0,2.0,1.0,4.0,3.0,1.0,2.0,4.0,1.0,2.0,2.0,1.0,2.0,1.0,2.0,0.0,1.0,2.0,7.0,3.0,2.0,3.0,2.0,1.0,5.0,1.0,2.0,1.0,5.0,1.0,0.0,1.0,2.0,1.0,1.0,0.0,2.0,3.0,2.0,1.0,1.0,4.0,0.0,2.0,0.0,2.0,3.0,3.0,1.0,3.0,3.0,2.0,3.0,3.0,3.0,4.0,0.0,1.0,5.0,4.0,2.0,2.0,0.0,1.0,5.0,1.0,2.0,4.0,3.0
TYPE_0030,TypeII_Fiber,1.0,43.0,3.0,3.0,4.0,6.0,1.0,3.0,2.0,3.0,4.0,3.0,0.0,1.0,2.0,0.0,2.0,1.0,5.0,3.0,4.0,4.0,0.0,6.0,0.0,3.0,1.0,2.0,2.0,0.0,1.0,2.0,4.0,0.0,1.0,1.0,1.0,4.0,4.0,4.0,3.0,3.0,3.0,2.0,2.0,2.0,0.0,1.0,3.0,1.0,1.0,0.0,3.0,1.0,0.0,2.0,1.0,2.0,1.0,2.0,2.0,6.0,4.0,2.0,3.0,0.0,0.0,0.0,1.0,3.0,4.0,1.0,2.0,2.0,3.0,1.0,1.0,1.0,2.0,2.0,1.0,2.0,3.0,1.0,1.0,1.0,3.0,5.0,1.0,4.0,3.0,1.0,2.0,5.0,0.0,2.0,2.0,2.0,2.0,3.0
TYPE_0031,TypeII_Fiber,0.0,42.0,2.0,0.0,2.0,2.0,1.0,4.0,1.0,3.0,4.0,4.0,0.0,1.0,3.0,1.0,1.0,3.0,2.0,2.0,3.0,0.0,0.0,1.0,2.0,1.0,0.0,1.0,0.0,2.0,3.0,0.0,2.0,1.0,2.0,1.0,1.0,0.0,1.0,1.0,0.0,0.0,2.0,2.0,4.0,0.0,3.0,3.0,1.0,4.0,0.0,1.0,4.0,2.0,2.0,1.0,4.0,1.0,1.0,2.0,1.0,1.0,4.0,1.0,2.0,2.0,1.0,4.0,0.0,0.0,2.0,2.0,2.0,2.0,1.0,4.0,2.0,3.0,3.0,1.0,2.0,2.0,1.0,2.0,2.0,1.0,2.0,2.0,2.0,0.0,1.0,2.0,2.0,0.0,1.0,3.0,1.0,2.0,2.0,1.0
TYPE_0032,TypeII_Fiber,3.0,54.0,2.0,1.0,2.0,1.0,1.0,0.0,2.0,3.0,2.0,0.0,1.0,2.0,2.0,3.0,2.0,1.0,1.0,2.0,4.0,0.0,1.0,2.0,2.0,5.0,2.0,2.0,1.0,0.0,1.0,1.0,3.0,0.0,8.0,3.0,2.0,1.0,2.0,3.0,2.0,3.0,0.0,1.0,1.0,2.0,2.0,4.0,3.0,2.0,2.0,1.0,0.0,3.0,2.0,0.0,2.0,3.0,3.0,2.0,3.0,3.0,1.0,2.0,1.0,1.0,1.0,1.0,2.0,0.0,1.0,5.0,2.0,1.0,2.0,1.0,3.0,1.0,1.0,3.0,2.0,2.0,2.0,0.0,0.0,1.0,3.0,3.0,1.0,1.0,1.0,0.0,3.0,1.0,4.0,5.0,1.0,4.0,3.0,3.0
TYPE_0033,TypeII_Fiber,6.0,41.0,0.0,3.0,0.0,1.0,3.0,2.0,4.0,1.0,1.0,5.0,1.0,0.0,2.0,1.0,5.0,2.0,5.0,4.0,2.0,1.0,2.0,2.0,4.0,1.0,0.0,4.0,1.0,4.0,1.0,5.0,1.0,1.0,0.0,1.0,4.0,3.0,3.0,2.0,3.0,2.0,1.0,5.0,1.0,1.0,1.0,0.0,2.0,6.0,2.0,2.0,2.0,2.0,5.0,0.0,1.0,2.0,3.0,1.0,1.0,3.0,4.0,1.0,3.0,2.0,0.0,2.0,2.0,1.0,1.0,3.0,1.0,2.0,3.0,2.0,0.0,3.0,1.0,1.0,1.0,2.0,1.0,0.0,3.0,0.0,3.0,1.0,2.0,1.0,2.0,2.0,4.0,2.0,4.0,0.0,1.0,2.0,1.0,3.0
TYPE_0034,TypeII_Fiber,1.0,52.0,1.0,2.0,2.0,1.0,3.0,2.0,2.0,2.0,2.0,2.0,1.0,2.0,4.0,1.0,1.0,2.0,3.0,6.0,1.0,5.0,1.0,6.0,1.0,1.0,5.0,3.0,0.0,1.0,5.0,2.0,1.0,1.0,2.0,3.0,4.0,0.0,3.0,0.0,1.0,1.0,1.0,3.0,2.0,2.0,3.0,2.0,3.0,0.0,0.0,4.0,1.0,4.0,5.0,1.0,2.0,1.0,1.0,1.0,0.0,1.0,2.0,1.0,2.0,1.0,6.0,2.0,4.0,2.0,0.0,2.0,3.0,1.0,2.0,3.0,2.0,1.0,1.0,2.0,1.0,1.0,2.0,3.0,3.0,3.0,1.0,0.0,0.0,2.0,5.0,2.0,1.0,5.0,4.0,0.0,2.0,2.0,3.0,2.0
TYPE_0035,TypeII_Fiber,1.0,40.0,4.0,1.0,0.0,3.0,3.0,1.0,3.0,2.0,0.0,0.0,2.0,2.0,2.0,1.0,3.0,1.0,2.0,2.0,2.0,1.0,2.0,4.0,1.0,4.0,2.0,1.0,2.0,1.0,2.0,2.0,3.0,4.0,1.0,1.0,0.0,0.0,2.0,2.0,0.0,3.0,2.0,1.0,5.0,2.0,1.0,3.0,5.0,2.0,1.0,2.0,3.0,1.0,1.0,0.0,3.0,1.0,2.0,2.0,2.0,3.0,2.0,2.0,4.0,0.0,2.0,1.0,2.0,3.0,4.0,0.0,1.0,1.0,1.0,4.0,3.0,2.0,3.0,3.0,3.0,4.0,3.0,3.0,3.0,3.0,0.0,3.0,4.0,0.0,2.0,2.0,4.0,1.0,1.0,2.0,2.0,1.0,0.0,0.0
TYPE_0036,TypeII_Fiber,2.0,42.0,1.0,1.0,4.0,1.0,3.0,4.0,1.0,0.0,2.0,0.0,0.0,3.0,3.0,0.0,4.0,2.0,1.0,1.0,0.0,2.0,2.0,2.0,4.0,0.0,3.0,2.0,0.0,2.0,1.0,4.0,0.0,2.0,0.0,2.0,2.0,2.0,4.0,1.0,2.0,2.0,0.0,0.0,1.0,4.0,1.0,1.0,1.0,1.0,2.0,3.0,2.0,0.0,1.0,4.0,2.0,2.0,1.0,0.0,1.0,1.0,3.0,0.0,3.0,4.0,3.0,2.0,1.0,0.0,2.0,1.0,1.0,1.0,2.0,1.0,3.0,7.0,2.0,2.0,2.0,3.0,4.0,2.0,4.0,4.0,2.0,2.0,1.0,0.0,4.0,0.0,3.0,1.0,1.0,1.0,1.0,0.0,3.0,0.0
TYPE_0037,TypeII_Fiber,4.0,57.0,1.0,3.0,2.0,0.0,4.0,0.0,3.0,2.0,1.0,1.0,3.0,2.0,2.0,1.0,3.0,2.0,0.0,0.0,0.0,1.0,0.0,2.0,2.0,1.0,4.0,2.0,1.0,1.0,2.0,3.0,3.0,1.0,0.0,2.0,2.0,0.0,0.0,3.0,2.0,4.0,2.0,1.0,3.0,1.0,2.0,3.0,0.0,3.0,2.0,3.0,0.0,1.0,4.0,0.0,4.0,1.0,3.0,1.0,2.0,4.0,3.0,2.0,4.0,3.0,1.0,3.0,3.0,2.0,4.0,2.0,2.0,3.0,3.0,3.0,2.0,2.0,2.0,4.0,2.0,1.0,1.0,0.0,3.0,2.0,7.0,2.0,1.0,1.0,2.0,1.0,2.0,3.0,1.0,2.0,2.0,2.0,2.0,2.0
TYPE_0038,TypeII_Fiber,1.0,44.0,1.0,1.0,4.0,2.0,2.0,0.0,2.0,0.0,1.0,2.0,2.0,3.0,3.0,1.0,1.0,2.0,5.0,0.0,3.0,1.0,4.0,0.0,2.0,0.0,1.0,1.0,0.0,2.0,2.0,3.0,0.0,2.0,3.0,2.0,1.0,2.0,2.0,2.0,1.0,3.0,5.0,3.0,3.0,1.0,2.0,3.0,3.0,2.0,3.0,3.0,5.0,1.0,6.0,3.0,2.0,0.0,1.0,3.0,2.0,0.0,2.0,1.0,1.0,1.0,2.0,1.0,3.0,1.0,1.0,4.0,1.0,1.0,1.0,1.0,2.0,3.0,1.0,2.0,3.0,2.0,4.0,1.0,0.0,1.0,1.0,2.0,0.0,0.0,0.0,1.0,3.0,3.0,1.0,2.0,2.0,3.0,3.0,0.0
TYPE_0039,TypeII_Fiber,2.0,40.0,4.0,2.0,4.0,0.0,1.0,0.0,4.0,1.0,1.0,1.0,0.0,2.0,1.0,0.0,1.0,3.0,0.0,4.0,4.0,3.0,1.0,0.0,0.0,4.0,2.0,1.0,1.0,2.0,1.0,1.0,8.0,4.0,0.0,3.0,2.0,3.0,6.0,1.0,1.0,1.0,2.0,5.0,2.0,3.0,2.0,4.0,6.0,0.0,3.0,0.0,2.0,0.0,1.0,1.0,1.0,4.0,2.0,2.0,6.0,1.0,1.0,3.0,4.0,1.0,4.0,1.0,1.0,4.0,2.0,0.0,3.0,5.0,3.0,1.0,2.0,3.0,2.0,0.0,3.0,3.0,2.0,2.0,3.0,1.0,6.0,0.0,3.0,2.0,4.0,5.0,0.0,1.0,3.0,0.0,2.0,5.0,0.0,0.0
TYPE_0040,TypeII_Fiber,7.0,47.0,4.0,3.0,0.0,2.0,3.0,3.0,4.0,2.0,2.0,1.0,3.0,1.0,0.0,0.0,1.0,1.0,1.0,1.0,2.0,5.0,2.0,0.0,4.0,3.0,1.0,4.0,0.0,1.0,1.0,2.0,4.0,3.0,5.0,0.0,2.0,5.0,2.0,1.0,2.0,1.0,1.0,0.0,1.0,2.0,0.0,2.0,5.0,2.0,3.0,1.0,4.0,1.0,2.0,0.0,2.0,3.0,3.0,2.0,3.0,4.0,2.0,3.0,2.0,1.0,1.0,0.0,1.0,0.0,0.0,3.0,2.0,4.0,1.0,3.0,2.0,2.0,2.0,4.0,2.0,4.0,2.0,4.0,2.0,3.0,3.0,3.0,5.0,1.0,4.0,2.0,2.0,4.0,0.0,1.0,2.0,1.0,2.0,4.0
TYPE_0041,TypeII_Fiber,4.0,42.0,2.0,2.0,2.0,1.0,3.0,0.0,5.0,2.0,2.0,1.0,4.0,3.0,2.0,1.0,1.0,2.0,1.0,1.0,1.0,3.0,4.0,1.0,3.0,1.0,3.0,0.0,5.0,0.0,4.0,1.0,4.0,5.0,2.0,2.0,1.0,1.0,4.0,3.0,1.0,3.0,4.0,1.0,1.0,2.0,2.0,1.0,1.0,1.0,4.0,2.0,1.0,3.0,0.0,1.0,1.0,4.0,2.0,0.0,0.0,1.0,1.0,2.0,2.0,4.0,0.0,0.0,2.0,2.0,1.0,1.0,1.0,5.0,7.0,3.0,2.0,1.0,3.0,1.0,2.0,4.0,2.0,1.0,1.0,2.0,3.0,0.0,3.0,1.0,0.0,2.0,2.0,0.0,3.0,0.0,3.0,2.0,0.0,2.0
TYPE_0042,TypeII_Fiber,3.0,54.0,2.0,1.0,1.0,3.0,2.0,3.0,0.0,3.0,2.0,5.0,1.0,2.0,3.0,3.0,7.0,0.0,4.0,3.0,4.0,2.0,1.0,2.0,1.0,0.0,2.0,2.0,2.0,5.0,4.0,2.0,0.0,4.0,2.0,3.0,1.0,4.0,4.0,3.0,2.0,0.0,4.0,2.0,2.0,2.0,4.0,2.0,3.0,2.0,2.0,5.0,1.0,3.0,1.0,2.0,1.0,2.0,3.0,6.0,0.0,2.0,1.0,6.0,2.0,2.0,1.0,4.0,0.0,3.0,2.0,3.0,2.0,4.0,1.0,0.0,3.0,2.0,0.0,1.0,1.0,3.0,2.0,2.0,1.0,1.0,2.0,1.0,0.0,4.0,4.0,4.0,2.0,2.0,1.0,4.0,2.0,4.0,2.0,1.0
TYPE_0043,TypeII_Fiber,5.0,45.0,4.0,0.0,5.0,2.0,1.0,5.0,2.0,0.0,2.0,0.0,3.0,1.0,0.0,2.0,0.0,0.0,2.0,0.0,4.0,2.0,3.0,4.0,4.0,4.0,1.0,2.0,0.0,1.0,3.0,0.0,1.0,3.0,2.0,1.0,1.0,1.0,0.0,1.0,2.0,0.0,2.0,2.0,1.0,2.0,4.0,0.0,3.0,2.0,2.0,4.0,3.0,2.0,5.0,1.0,0.0,1.0,3.0,0.0,0.0,1.0,1.0,1.0,0.0,1.0,1.0,3.0,1.0,3.0,1.0,0.0,0.0,3.0,1.0,3.0,2.0,3.0,2.0,1.0,1.0,4.0,2.0,6.0,3.0,4.0,2.0,5.0,2.0,3.0,4.0,2.0,0.0,0.0,2.0,2.0,1.0,3.0,2.0,1.0
TYPE_0044,TypeII_Fiber,2.0,46.0,0.0,1.0,4.0,1.0,3.0,0.0,4.0,0.0,3.0,2.0,1.0,0.0,1.0,2.0,2.0,5.0,3.0,3.0,1.0,1.0,0.0,5.0,2.0,1.0,1.0,5.0,2.0,3.0,1.0,3.0,6.0,5.0,2.0,3.0,1.0,3.0,4.0,2.0,0.0,2.0,0.0,2.0,1.0,3.0,1.0,6.0,1.0,3.0,5.0,1.0,0.0,1.0,1.0,2.0,0.0,2.0,1.0,1.0,3.0,1.0,1.0,2.0,1.0,1.0,3.0,3.0,2.0,1.0,0.0,2.0,1.0,2.0,3.0,6.0,0.0,1.0,2.0,1.0,1.0,5.0,1.0,3.0,2.0,2.0,1.0,2.0,0.0,0.0,2.0,2.0,2.0,2.0,0.0,2.0,2.0,1.0,2.0,3.0
TYPE_0045,TypeII_Fiber,1.0,58.0,3.0,1.0,2.0,1.0,3.0,1.0,2.0,0.0,3.0,1.0,1.0,1.0,1.0,1.0,3.0,3.0,3.0,1.0,0.0,4.0,1.0,4.0,2.0,1.0,4.0,4.0,4.0,4.0,1.0,1.0,4.0,1.0,1.0,1.0,1.0,4.0,2.0,2.0,0.0,6.0,2.0,3.0,2.0,2.0,3.0,4.0,1.0,2.0,1.0,2.0,1.0,3.0,3.0,2.0,3.0,2.0,2.0,1.0,3.0,1.0,3.0,0.0,3.0,4.0,1.0,0.0,1.0,3.0,4.0,2.0,0.0,4.0,3.0,2.0,3.0,1.0,1.0,1.0,2.0,3.0,2.0,2.0,3.0,3.0,3.0,4.0,1.0,1.0,2.0,1.0,0.0,0.0,3.0,0.0,1.0,2.0,2.0,2.0
TYPE_0046,TypeII_Fiber,0.0,44.0,1.0,5.0,2.0,2.0,4.0,2.0,0.0,1.0,1.0,1.0,0.0,3.0,2.0,2.0,2.0,3.0,1.0,6.0,2.0,2.0,0.0,3.0,1.0,2.0,2.0,1.0,1.0,4.0,4.0,5.0,5.0,0.0,2.0,1.0,2.0,3.0,2.0,4.0,1.0,1.0,1.0,4.0,2.0,2.0,4.0,3.0,1.0,0.0,3.0,1.0,4.0,0.0,3.0,2.0,3.0,1.0,3.0,2.0,2.0,1.0,1.0,2.0,0.0,1.0,1.0,2.0,3.0,1.0,1.0,1.0,2.0,2.0,1.0,5.0,2.0,2.0,4.0,1.0,4.0,0.0,4.0,2.0,1.0,3.0,1.0,1.0,1.0,0.0,2.0,2.0,0.0,2.0,0.0,4.0,3.0,2.0,2.0,1.0
TYPE_0047,TypeII_Fiber,1.0,47.0,1.0,2.0,2.0,2.0,5.0,0.0,3.0,1.0,1.0,0.0,2.0,0.0,4.0,1.0,2.0,4.0,2.0,1.0,2.0,0.0,0.0,3.0,1.0,1.0,3.0,1.0,2.0,0.0,2.0,3.0,2.0,1.0,4.0,1.0,1.0,4.0,1.0,1.0,1.0,0.0,3.0,0.0,3.0,1.0,4.0,2.0,0.0,0.0,0.0,2.0,2.0,0.0,0.0,3.0,3.0,2.0,3.0,1.0,3.0,3.0,1.0,4.0,0.0,3.0,1.0,2.0,2.0,3.0,2.0,2.0,3.0,1.0,2.0,2.0,0.0,3.0,1.0,1.0,1.0,2.0,4.0,5.0,1.0,1.0,1.0,3.0,4.0,2.0,1.0,3.0,1.0,1.0,3.0,1.0,4.0,0.0,3.0,3.0
TYPE_0048,TypeII_Fiber,2.0,42.0,3.0,4.0,3.0,1.0,3.0,4.0,0.0,2.0,3.0,1.0,0.0,3.0,1.0,3.0,3.0,1.0,0.0,2.0,4.0,2.0,3.0,1.0,1.0,1.0,1.0,1.0,2.0,3.0,4.0,3.0,2.0,4.0,0.0,1.0,2.0,3.0,3.0,1.0,2.0,2.0,3.0,0.0,0.0,3.0,3.0,3.0,2.0,3.0,2.0,1.0,2.0,1.0,1.0,5.0,0.0,2.0,2.0,0.0,1.0,3.0,2.0,2.0,0.0,2.0,2.0,0.0,2.0,1.0,3.0,2.0,0.0,2.0,1.0,4.0,2.0,2.0,3.0,5.0,0.0,2.0,2.0,1.0,0.0,4.0,1.0,2.0,6.0,0.0,0.0,0.0,3.0,2.0,4.0,0.0,3.0,0.0,4.0,1.0
TYPE_0049,TypeII_Fiber,2.0,48.0,2.0,2.0,5.0,3.0,1.0,2.0,5.0,3.0,0.0,1.0,3.0,5.0,5.0,0.0,1.0,4.0,2.0,2.0,0.0,1.0,2.0,1.0,1.0,5.0,1.0,1.0,0.0,0.0,3.0,0.0,3.0,2.0,1.0,0.0,3.0,1.0,1.0,3.0,2.0,1.0,1.0,1.0,1.0,0.0,1.0,2.0,1.0,3.0,2.0,3.0,1.0,1.0,2.0,1.0,0.0,2.0,2.0,1.0,2.0,3.0,5.0,1.0,3.0,3.0,0.0,1.0,1.0,4.0,2.0,1.0,1.0,2.0,2.0,1.0,2.0,5.0,1.0,3.0,1.0,1.0,3.0,1.0,1.0,1.0,2.0,1.0,2.0,3.0,1.0,1.0,3.0,1.0,2.0,3.0,2.0,6.0,1.0,2.0
TYPE_0050,TypeII_Fiber,2.0,50.0,4.0,2.0,0.0,4.0,3.0,3.0,4.0,1.0,3.0,2.0,1.0,2.0,3.0,1.0,3.0,4.0,0.0,2.0,2.0,1.0,3.0,1.0,1.0,0.0,1.0,1.0,2.0,2.0,2.0,2.0,1.0,1.0,4.0,5.0,3.0,3.0,0.0,1.0,3.0,1.0,1.0,1.0,1.0,2.0,4.0,2.0,1.0,1.0,3.0,2.0,2.0,4.0,2.0,2.0,2.0,1.0,1.0,1.0,3.0,1.0,3.0,0.0,1.0,2.0,1.0,3.0,3.0,0.0,1.0,2.0,2.0,2.0,2.0,4.0,3.0,4.0,4.0,2.0,0.0,0.0,3.0,1.0,3.0,2.0,1.0,3.0,3.0,4.0,1.0,3.0,2.0,2.0,2.0,4.0,2.0,2.0,4.0,5.0
SATE_0001,Satellite,1.0,1.0,57.0,2.0,3.0,1.0,3.0,3.0,8.0,4.0,3.0,3.0,3.0,3.0,3.0,5.0,0.0,2.0,1.0,2.0,4.0,2.0,2.0,2.0,3.0,2.0,3.0,3.0,1.0,0.0,0.0,1.0,2.0,1.0,2.0,1.0,0.0,2.0,1.0,2.0,1.0,1.0,1.0,4.0,3.0,0.0,1.0,3.0,2.0,2.0,4.0,0.0,3.0,1.0,2.0,7.0,2.0,3.0,3.0,1.0,4.0,2.0,1.0,4.0,4.0,1.0,2.0,1.0,0.0,1.0,1.0,2.0,3.0,3.0,0.0,1.0,1.0,3.0,2.0,0.0,0.0,2.0,2.0,1.0,2.0,1.0,0.0,1.0,1.0,1.0,3.0,5.0,0.0,0.0,2.0,2.0,3.0,1.0,4.0,2.0
SATE_0002,Satellite,1.0,3.0,45.0,0.0,4.0,5.0,2.0,1.0,3.0,3.0,4.0,2.0,2.0,2.0,0.0,3.0,5.0,2.0,4.0,1.0,1.0,2.0,4.0,1.0,4.0,3.0,0.0,2.0,1.0,4.0,1.0,2.0,2.0,3.0,5.0,3.0,1.0,3.0,1.0,1.0,3.0,1.0,3.0,0.0,1.0,3.0,0.0,5.0,1.0,4.0,0.0,1.0,1.0,0.0,5.0,3.0,3.0,3.0,1.0,1.0,4.0,2.0,1.0,2.0,1.0,2.0,2.0,1.0,2.0,1.0,2.0,5.0,1.0,1.0,3.0,4.0,2.0,1.0,3.0,0.0,3.0,4.0,1.0,3.0,4.0,3.0,2.0,2.0,0.0,2.0,2.0,2.0,3.0,2.0,5.0,5.0,1.0,3.0,1.0,2.0
SATE_0003,Satellite,1.0,2.0,45.0,2.0,2.0,1.0,1.0,3.0,1.0,3.0,2.0,2.0,1.0,2.0,0.0,1.0,0.0,0.0,1.0,2.0,0.0,3.0,2.0,3.0,0.0,2.0,1.0,3.0,1.0,2.0,3.0,4.0,1.0,0.0,2.0,2.0,1.0,0.0,5.0,3.0,0.0,5.0,3.0,1.0,1.0,2.0,4.0,1.0,0.0,0.0,3.0,1.0,4.0,1.0,3.0,2.0,1.0,0.0,1.0,0.0,3.0,1.0,1.0,1.0,0.0,2.0,2.0,2.0,0.0,4.0,4.0,2.0,2.0,3.0,2.0,1.0,0.0,4.0,1.0,2.0,2.0,2.0,2.0,2.0,3.0,2.0,1.0,4.0,4.0,1.0,1.0,3.0,5.0,3.0,2.0,2.0,4.0,1.0,1.0,2.0
SATE_0004,Satellite,2.0,0.0,44.0,2.0,3.0,3.0,2.0,0.0,3.0,4.0,4.0,4.0,0.0,2.0,1.0,3.0,5.0,0.0,1.0,2.0,3.0,1.0,3.0,2.0,3.0,2.0,2.0,5.0,1.0,2.0,1.0,3.0,1.0,3.0,4.0,5.0,3.0,2.0,1.0,1.0,2.0,2.0,3.0,1.0,1.0,2.0,0.0,1.0,2.0,2.0,4.0,1.0,4.0,1.0,2.0,3.0,4.0,0.0,4.0,3.0,5.0,2.0,3.0,2.0,2.0,1.0,2.0,0.0,1.0,2.0,0.0,3.0,0.0,2.0,4.0,2.0,0.0,0.0,2.0,2.0,1.0,0.0,5.0,3.0,0.0,2.0,2.0,0.0,2.0,4.0,6.0,2.0,1.0,3.0,3.0,2.0,0.0,3.0,1.0,0.0
SATE_0005,Satellite,2.0,3.0,41.0,2.0,1.0,5.0,1.0,3.0,2.0,2.0,4.0,1.0,1.0,2.0,1.0,1.0,4.0,0.0,4.0,1.0,1.0,1.0,1.0,2.0,3.0,3.0,1.0,4.0,4.0,2.0,3.0,2.0,5.0,1.0,1.0,3.0,2.0,1.0,0.0,2.0,2.0,5.0,4.0,3.0,3.0,5.0,1.0,3.0,1.0,4.0,5.0,2.0,2.0,3.0,2.0,3.0,1.0,1.0,1.0,3.0,0.0,4.0,2.0,2.0,3.0,0.0,3.0,2.0,1.0,3.0,3.0,3.0,2.0,3.0,1.0,1.0,3.0,0.0,1.0,1.0,2.0,3.0,3.0,4.0,2.0,3.0,2.0,6.0,5.0,0.0,1.0,0.0,0.0,2.0,1.0,1.0,0.0,4.0,3.0,1.0
SATE_0006,Satellite,1.0,1.0,52.0,1.0,0.0,1.0,1.0,0.0,3.0,4.0,2.0,1.0,1.0,4.0,1.0,2.0,1.0,3.0,2.0,1.0,2.0,0.0,4.0,1.0,1.0,3.0,1.0,2.0,3.0,3.0,1.0,1.0,0.0,0.0,2.0,3.0,2.0,2.0,2.0,5.0,4.0,2.0,0.0,2.0,2.0,2.0,3.0,3.0,1.0,2.0,2.0,1.0,3.0,0.0,0.0,0.0,0.0,2.0,0.0,5.0,2.0,1.0,0.0,2.0,0.0,4.0,3.0,3.0,1.0,1.0,2.0,1.0,2.0,1.0,1.0,0.0,2.0,3.0,0.0,2.0,1.0,3.0,3.0,0.0,1.0,3.0,2.0,2.0,0.0,1.0,1.0,3.0,1.0,0.0,2.0,3.0,2.0,2.0,2.0,2.0
SATE_0007,Satellite,3.0,3.0,40.0,1.0,2.0,1.0,1.0,2.0,3.0,5.0,3.0,1.0,4.0,1.0,1.0,2.0,0.0,3.0,2.0,1.0,3.0,2.0,0.0,1.0,3.0,2.0,1.0,2.0,3.0,3.0,1.0,1.0,3.0,4.0,0.0,5.0,6.0,0.0,3.0,0.0,3.0,4.0,1.0,3.0,5.0,3.0,4.0,2.0,2.0,3.0,2.0,4.0,3.0,2.0,2.0,2.0,0.0,1.0,2.0,4.0,0.0,4.0,2.0,2.0,2.0,1.0,1.0,0.0,3.0,2.0,0.0,3.0,2.0,3.0,4.0,2.0,0.0,1.0,4.0,2.0,2.0,3.0,1.0,2.0,2.0,1.0,4.0,0.0,0.0,5.0,1.0,2.0,4.0,2.0,5.0,1.0,1.0,1.0,3.0,2.0
SATE_0008,Satellite,0.0,2.0,46.0,1.0,2.0,0.0,1.0,1.0,1.0,4.0,1.0,3.0,2.0,2.0,1.0,3.0,2.0,3.0,1.0,2.0,2.0,2.0,2.0,3.0,1.0,3.0,0.0,7.0,4.0,3.0,1.0,1.0,2.0,1.0,1.0,7.0,2.0,2.0,1.0,2.0,3.0,2.0,3.0,1.0,1.0,3.0,2.0,2.0,5.0,2.0,1.0,1.0,3.0,3.0,1.0,1.0,1.0,1.0,2.0,3.0,1.0,4.0,0.0,4.0,2.0,3.0,5.0,2.0,0.0,1.0,1.0,3.0,2.0,0.0,5.0,1.0,2.0,1.0,4.0,4.0,5.0,3.0,0.0,2.0,0.0,3.0,3.0,1.0,3.0,4.0,3.0,1.0,2.0,3.0,2.0,3.0,2.0,2.0,3.0,1.0
SATE_0009,Satellite,0.0,2.0,44.0,2.0,3.0,3.0,3.0,4.0,1.0,2.0,1.0,1.0,2.0,2.0,1.0,1.0,3.0,3.0,2.0,5.0,2.0,1.0,0.0,1.0,5.0,3.0,0.0,0.0,2.0,2.0,0.0,0.0,3.0,4.0,3.0,0.0,1.0,2.0,4.0,2.0,2.0,1.0,1.0,6.0,2.0,2.0,6.0,1.0,2.0,2.0,1.0,2.0,1.0,3.0,1.0,2.0,1.0,3.0,1.0,2.0,1.0,2.0,3.0,3.0,4.0,1.0,2.0,2.0,4.0,1.0,3.0,1.0,4.0,1.0,3.0,5.0,1.0,5.0,1.0,0.0,2.0,2.0,4.0,1.0,6.0,1.0,1.0,3.0,3.0,3.0,3.0,1.0,3.0,1.0,4.0,0.0,1.0,1.0,0.0,2.0
SATE_0010,Satellite,4.0,0.0,49.0,9.0,3.0,0.0,3.0,0.0,2.0,4.0,3.0,4.0,1.0,2.0,5.0,1.0,2.0,0.0,1.0,2.0,2.0,4.0,0.0,5.0,1.0,0.0,1.0,0.0,1.0,1.0,5.0,2.0,2.0,0.0,2.0,1.0,1.0,5.0,3.0,2.0,4.0,0.0,3.0,1.0,4.0,1.0,4.0,2.0,3.0,2.0,1.0,1.0,2.0,0.0,1.0,0.0,1.0,4.0,3.0,0.0,2.0,3.0,1.0,0.0,3.0,1.0,1.0,3.0,0.0,4.0,1.0,4.0,3.0,2.0,2.0,1.0,0.0,1.0,1.0,3.0,0.0,2.0,2.0,4.0,2.0,0.0,2.0,2.0,4.0,2.0,1.0,4.0,4.0,2.0,0.0,3.0,2.0,1.0,2.0,1.0
SATE_0011,Satellite,1.0,1.0,49.0,0.0,5.0,4.0,1.0,4.0,0.0,1.0,1.0,2.0,0.0,5.0,4.0,0.0,1.0,0.0,1.0,3.0,3.0,2.0,3.0,2.0,0.0,2.0,0.0,2.0,2.0,1.0,3.0,1.0,1.0,2.0,0.0,1.0,2.0,1.0,1.0,2.0,4.0,3.0,1.0,1.0,4.0,1.0,3.0,1.0,0.0,4.0,1.0,2.0,0.0,3.0,3.0,1.0,0.0,0.0,1.0,4.0,1.0,4.0,2.0,1.0,1.0,5.0,1.0,4.0,1.0,0.0,1.0,5.0,3.0,2.0,0.0,1.0,4.0,1.0,2.0,1.0,0.0,0.0,1.0,0.0,6.0,2.0,2.0,0.0,5.0,1.0,3.0,3.0,3.0,3.0,1.0,3.0,1.0,1.0,2.0,5.0
SATE_0012,Satellite,0.0,1.0,36.0,6.0,2.0,2.0,0.0,4.0,4.0,4.0,3.0,4.0,1.0,3.0,4.0,1.0,1.0,2.0,2.0,2.0,1.0,2.0,1.0,2.0,2.0,2.0,4.0,3.0,1.0,4.0,0.0,1.0,2.0,2.0,4.0,1.0,1.0,1.0,3.0,6.0,3.0,2.0,3.0,2.0,1.0,2.0,0.0,2.0,1.0,1.0,1.0,1.0,0.0,2.0,2.0,3.0,3.0,3.0,3.0,3.0,3.0,3.0,4.0,0.0,0.0,1.0,1.0,3.0,2.0,5.0,3.0,1.0,0.0,2.0,0.0,6.0,5.0,3.0,2.0,4.0,4.0,0.0,1.0,2.0,1.0,1.0,2.0,3.0,1.0,2.0,1.0,4.0,1.0,2.0,1.0,0.0,1.0,0.0,1.0,4.0
SATE_0013,Satellite,1.0,3.0,55.0,1.0,2.0,3.0,1.0,2.0,4.0,1.0,0.0,7.0,2.0,1.0,1.0,2.0,3.0,4.0,3.0,2.0,6.0,4.0,1.0,3.0,1.0,1.0,3.0,2.0,1.0,2.0,6.0,1.0,3.0,1.0,2.0,0.0,1.0,2.0,2.0,2.0,1.0,2.0,2.0,2.0,0.0,3.0,2.0,2.0,3.0,1.0,1.0,2.0,3.0,1.0,3.0,3.0,1.0,1.0,2.0,0.0,3.0,1.0,3.0,2.0,1.0,4.0,2.0,2.0,2.0,2.0,3.0,4.0,2.0,2.0,4.0,2.0,1.0,1.0,1.0,2.0,0.0,0.0,2.0,4.0,4.0,1.0,2.0,1.0,2.0,2.0,5.0,0.0,3.0,6.0,2.0,2.0,3.0,0.0,1.0,1.0
SATE_0014,Satellite,3.0,2.0,48.0,1.0,1.0,5.0,2.0,2.0,2.0,3.0,5.0,3.0,0.0,2.0,1.0,3.0,2.0,0.0,2.0,1.0,2.0,0.0,1.0,1.0,1.0,0.0,3.0,2.0,2.0,3.0,2.0,3.0,1.0,1.0,2.0,3.0,0.0,2.0,1.0,1.0,1.0,3.0,1.0,1.0,1.0,2.0,0.0,2.0,5.0,1.0,2.0,4.0,0.0,4.0,2.0,2.0,0.0,1.0,3.0,3.0,2.0,0.0,4.0,1.0,4.0,2.0,0.0,2.0,3.0,0.0,3.0,2.0,2.0,1.0,5.0,2.0,0.0,4.0,2.0,6.0,2.0,2.0,4.0,0.0,2.0,1.0,1.0,1.0,4.0,3.0,1.0,1.0,3.0,2.0,1.0,1.0,3.0,2.0,2.0,1.0
SATE_0015,Satellite,6.0,2.0,50.0,2.0,3.0,6.0,2.0,2.0,4.0,2.0,2.0,4.0,1.0,3.0,1.0,0.0,1.0,4.0,5.0,2.0,3.0,1.0,1.0,1.0,1.0,0.0,2.0,2.0,2.0,1.0,2.0,0.0,2.0,2.0,2.0,2.0,2.0,1.0,0.0,0.0,1.0,1.0,2.0,2.0,3.0,1.0,2.0,1.0,4.0,1.0,0.0,0.0,2.0,1.0,2.0,2.0,1.0,3.0,0.0,1.0,1.0,4.0,3.0,0.0,3.0,2.0,1.0,0.0,5.0,2.0,2.0,1.0,3.0,2.0,1.0,2.0,2.0,2.0,0.0,3.0,3.0,2.0,2.0,5.0,1.0,1.0,5.0,1.0,1.0,4.0,0.0,2.0,2.0,4.0,1.0,4.0,0.0,0.0,2.0,3.0
SATE_0016,Satellite,0.0,4.0,46.0,2.0,1.0,1.0,2.0,6.0,2.0,3.0,1.0,3.0,1.0,1.0,2.0,3.0,1.0,4.0,4.0,3.0,2.0,0.0,2.0,3.0,3.0,0.0,1.0,2.0,1.0,0.0,2.0,3.0,7.0,2.0,2.0,1.0,2.0,2.0,3.0,1.0,2.0,1.0,3.0,1.0,1.0,2.0,4.0,2.0,4.0,4.0,3.0,3.0,1.0,0.0,1.0,4.0,1.0,2.0,1.0,4.0,3.0,4.0,6.0,1.0,2.0,3.0,0.0,3.0,2.0,4.0,4.0,2.0,2.0,1.0,0.0,0.0,0.0,0.0,1.0,2.0,3.0,0.0,2.0,3.0,3.0,4.0,3.0,2.0,2.0,2.0,4.0,0.0,2.0,2.0,2.0,2.0,1.0,2.0,1.0,0.0
SATE_0017,Satellite,1.0,3.0,52.0,3.0,1.0,3.0,2.0,1.0,2.0,3.0,0.0,1.0,3.0,4.0,1.0,1.0,3.0,4.0,3.0,2.0,2.0,2.0,3.0,3.0,1.0,0.0,2.0,5.0,2.0,0.0,1.0,2.0,1.0,1.0,1.0,3.0,2.0,2.0,0.0,2.0,5.0,1.0,2.0,5.0,7.0,0.0,0.0,5.0,1.0,3.0,1.0,3.0,4.0,3.0,3.0,3.0,2.0,1.0,6.0,4.0,4.0,3.0,1.0,2.0,4.0,2.0,2.0,1.0,2.0,3.0,3.0,0.0,2.0,1.0,2.0,0.0,3.0,1.0,1.0,6.0,3.0,1.0,3.0,0.0,3.0,1.0,2.0,2.0,5.0,2.0,3.0,2.0,2.0,4.0,5.0,1.0,2.0,1.0,3.0,1.0
SATE_0018,Satellite,3.0,0.0,39.0,1.0,3.0,2.0,1.0,1.0,2.0,0.0,4.0,3.0,1.0,1.0,1.0,1.0,3.0,2.0,2.0,1.0,1.0,2.0,1.0,1.0,1.0,4.0,1.0,1.0,3.0,2.0,3.0,2.0,3.0,3.0,2.0,4.0,3.0,3.0,2.0,2.0,1.0,4.0,2.0,1.0,2.0,3.0,0.0,2.0,4.0,2.0,0.0,3.0,4.0,0.0,1.0,2.0,3.0,1.0,2.0,1.0,5.0,2.0,5.0,2.0,0.0,2.0,2.0,1.0,4.0,0.0,0.0,2.0,1.0,2.0,1.0,1.0,1.0,2.0,1.0,1.0,4.0,1.0,1.0,0.0,3.0,1.0,3.0,4.0,4.0,5.0,3.0,1.0,1.0,0.0,4.0,2.0,2.0,3.0,0.0,2.0
SATE_0019,Satellite,1.0,4.0,49.0,2.0,3.0,0.0,2.0,2.0,2.0,1.0,5.0,1.0,3.0,4.0,2.0,3.0,2.0,1.0,4.0,0.0,3.0,2.0,2.0,1.0,0.0,2.0,5.0,3.0,1.0,2.0,2.0,1.0,4.0,1.0,2.0,1.0,1.0,2.0,3.0,1.0,3.0,1.0,4.0,1.0,1.0,4.0,1.0,0.0,0.0,1.0,0.0,4.0,0.0,1.0,2.0,5.0,1.0,1.0,2.0,3.0,4.0,0.0,0.0,2.0,3.0,0.0,1.0,5.0,3.0,0.0,3.0,1.0,5.0,3.0,1.0,1.0,2.0,1.0,0.0,1.0,2.0,1.0,0.0,2.0,1.0,1.0,3.0,1.0,2.0,1.0,1.0,4.0,1.0,0.0,3.0,2.0,1.0,3.0,1.0,1.0
SATE_0020,Satellite,0.0,2.0,50.0,1.0,3.0,1.0,2.0,4.0,0.0,2.0,4.0,2.0,3.0,1.0,3.0,2.0,2.0,2.0,2.0,3.0,3.0,1.0,1.0,1.0,1.0,2.0,1.0,2.0,1.0,3.0,3.0,1.0,3.0,2.0,3.0,1.0,2.0,3.0,1.0,4.0,0.0,2.0,4.0,4.0,1.0,3.0,2.0,2.0,2.0,1.0,0.0,1.0,1.0,3.0,1.0,1.0,4.0,2.0,3.0,2.0,2.0,1.0,2.0,4.0,2.0,2.0,1.0,0.0,1.0,1.0,3.0,2.0,0.0,1.0,0.0,1.0,3.0,2.0,0.0,3.0,0.0,3.0,1.0,4.0,3.0,1.0,2.0,2.0,1.0,1.0,0.0,3.0,1.0,2.0,2.0,1.0,1.0,0.0,4.0,3.0
SATE_0021,Satellite,4.0,0.0,50.0,0.0,4.0,3.0,5.0,1.0,2.0,2.0,4.0,2.0,3.0,1.0,2.0,3.0,1.0,3.0,3.0,0.0,3.0,2.0,4.0,2.0,1.0,4.0,2.0,4.0,1.0,0.0,2.0,2.0,2.0,2.0,0.0,1.0,2.0,1.0,3.0,2.0,2.0,1.0,3.0,1.0,0.0,7.0,2.0,2.0,0.0,3.0,4.0,0.0,1.0,1.0,0.0,4.0,1.0,1.0,1.0,3.0,3.0,1.0,2.0,3.0,3.0,2.0,3.0,2.0,0.0,0.0,1.0,3.0,2.0,2.0,1.0,4.0,2.0,3.0,1.0,1.0,4.0,1.0,2.0,0.0,2.0,4.0,2.0,3.0,3.0,1.0,1.0,2.0,4.0,1.0,0.0,1.0,3.0,1.0,1.0,1.0
SATE_0022,Satellite,1.0,2.0,43.0,2.0,0.0,1.0,1.0,0.0,3.0,2.0,3.0,2.0,5.0,2.0,3.0,2.0,3.0,0.0,2.0,1.0,3.0,2.0,5.0,4.0,6.0,4.0,2.0,1.0,4.0,2.0,1.0,1.0,3.0,2.0,2.0,1.0,5.0,2.0,1.0,3.0,1.0,1.0,1.0,4.0,0.0,4.0,3.0,2.0,2.0,1.0,2.0,2.0,2.0,3.0,2.0,3.0,1.0,3.0,2.0,1.0,2.0,1.0,2.0,2.0,4.0,4.0,0.0,1.0,1.0,2.0,0.0,3.0,3.0,2.0,2.0,4.0,2.0,0.0,4.0,1.0,2.0,2.0,2.0,1.0,2.0,0.0,0.0,4.0,4.0,1.0,1.0,1.0,3.0,3.0,2.0,3.0,4.0,0.0,3.0,0.0
SATE_0023,Satellite,3.0,4.0,42.0,1.0,1.0,2.0,1.0,2.0,2.0,3.0,2.0,2.0,4.0,1.0,3.0,1.0,6.0,3.0,5.0,5.0,4.0,3.0,2.0,3.0,4.0,3.0,1.0,3.0,1.0,4.0,2.0,1.0,1.0,2.0,1.0,2.0,4.0,2.0,4.0,0.0,1.0,0.0,1.0,1.0,1.0,1.0,1.0,3.0,0.0,3.0,1.0,2.0,1.0,2.0,1.0,2.0,1.0,2.0,3.0,3.0,1.0,1.0,0.0,0.0,2.0,0.0,1.0,1.0,2.0,2.0,3.0,3.0,2.0,3.0,2.0,0.0,3.0,1.0,1.0,2.0,2.0,2.0,6.0,1.0,4.0,2.0,4.0,1.0,3.0,2.0,0.0,4.0,2.0,1.0,0.0,1.0,1.0,2.0,4.0,1.0
SATE_0024,Satellite,5.0,1.0,51.0,6.0,7.0,2.0,4.0,1.0,2.0,2.0,4.0,0.0,3.0,1.0,1.0,3.0,1.0,3.0,2.0,4.0,1.0,4.0,2.0,3.0,1.0,5.0,2.0,4.0,4.0,0.0,1.0,2.0,1.0,2.0,2.0,0.0,3.0,0.0,3.0,2.0,0.0,1.0,6.0,1.0,4.0,3.0,2.0,3.0,4.0,1.0,1.0,3.0,1.0,4.0,3.0,1.0,2.0,3.0,3.0,1.0,2.0,3.0,3.0,2.0,4.0,3.0,2.0,3.0,2.0,0.0,2.0,1.0,3.0,1.0,1.0,2.0,1.0,1.0,0.0,1.0,2.0,1.0,1.0,1.0,3.0,1.0,1.0,1.0,2.0,3.0,1.0,4.0,2.0,3.0,2.0,1.0,3.0,3.0,3.0,1.0
SATE_0025,Satellite,2.0,5.0,49.0,1.0,1.0,0.0,1.0,2.0,0.0,3.0,2.0,2.0,2.0,1.0,3.0,3.0,0.0,4.0,2.0,3.0,1.0,2.0,2.0,1.0,2.0,1.0,3.0,1.0,2.0,2.0,3.0,4.0,2.0,1.0,3.0,1.0,1.0,2.0,3.0,1.0,2.0,2.0,0.0,0.0,2.0,3.0,4.0,3.0,2.0,4.0,2.0,3.0,2.0,2.0,2.0,3.0,1.0,2.0,2.0,1.0,4.0,2.0,4.0,2.0,1.0,3.0,1.0,4.0,2.0,3.0,3.0,3.0,1.0,3.0,4.0,1.0,3.0,1.0,1.0,2.0,1.0,3.0,3.0,3.0,2.0,3.0,3.0,2.0,3.0,1.0,5.0,3.0,1.0,2.0,9.0,3.0,2.0,2.0,3.0,1.0
SATE_0026,Satellite,3.0,5.0,37.0,1.0,1.0,2.0,2.0,1.0,2.0,4.0,3.0,1.0,1.0,2.0,2.0,5.0,4.0,0.0,2.0,0.0,4.0,1.0,2.0,1.0,3.0,2.0,5.0,0.0,1.0,4.0,3.0,0.0,1.0,3.0,3.0,4.0,1.0,1.0,0.0,4.0,0.0,1.0,2.0,2.0,1.0,1.0,0.0,1.0,2.0,0.0,3.0,1.0,3.0,3.0,4.0,1.0,0.0,0.0,2.0,2.0,0.0,1.0,2.0,3.0,3.0,1.0,2.0,1.0,0.0,4.0,3.0,2.0,2.0,1.0,2.0,2.0,2.0,3.0,1.0,3.0,4.0,0.0,5.0,3.0,1.0,3.0,3.0,1.0,0.0,3.0,0.0,1.0,2.0,4.0,1.0,2.0,5.0,3.0,1.0,2.0
SATE_0027,Satellite,2.0,2.0,51.0,5.0,1.0,1.0,0.0,1.0,5.0,3.0,0.0,1.0,2.0,3.0,3.0,3.0,4.0,5.0,2.0,1.0,0.0,1.0,2.0,2.0,0.0,0.0,1.0,3.0,1.0,3.0,1.0,3.0,2.0,2.0,3.0,2.0,1.0,3.0,0.0,0.0,5.0,2.0,1.0,2.0,5.0,1.0,0.0,6.0,3.0,0.0,2.0,4.0,1.0,1.0,2.0,1.0,2.0,2.0,1.0,1.0,1.0,1.0,1.0,2.0,3.0,3.0,1.0,1.0,1.0,1.0,1.0,5.0,1.0,3.0,0.0,3.0,3.0,3.0,2.0,3.0,2.0,4.0,1.0,1.0,1.0,1.0,4.0,2.0,2.0,1.0,0.0,3.0,4.0,3.0,2.0,4.0,2.0,1.0,2.0,2.0
SATE_0028,Satellite,1.0,4.0,37.0,3.0,5.0,3.0,2.0,3.0,3.0,2.0,5.0,2.0,2.0,2.0,1.0,4.0,0.0,5.0,2.0,3.0,1.0,2.0,3.0,3.0,2.0,3.0,2.0,0.0,1.0,1.0,5.0,3.0,1.0,3.0,2.0,3.0,0.0,2.0,2.0,1.0,3.0,1.0,1.0,3.0,1.0,1.0,2.0,0.0,4.0,4.0,1.0,0.0,1.0,3.0,1.0,1.0,7.0,6.0,2.0,3.0,2.0,2.0,3.0,1.0,2.0,3.0,2.0,3.0,3.0,2.0,4.0,7.0,2.0,2.0,2.0,3.0,2.0,8.0,3.0,1.0,4.0,1.0,3.0,0.0,1.0,1.0,2.0,4.0,1.0,1.0,3.0,3.0,5.0,3.0,1.0,2.0,3.0,0.0,3.0,3.0
SATE_0029,Satellite,2.0,3.0,42.0,3.0,4.0,3.0,1.0,1.0,2.0,3.0,3.0,2.0,0.0,0.0,2.0,0.0,6.0,1.0,3.0,3.0,0.0,2.0,4.0,3.0,5.0,3.0,2.0,1.0,1.0,3.0,1.0,2.0,0.0,2.0,1.0,1.0,0.0,3.0,2.0,7.0,1.0,2.0,3.0,1.0,0.0,4.0,5.0,4.0,2.0,4.0,0.0,2.0,1.0,2.0,2.0,0.0,1.0,3.0,2.0,2.0,3.0,3.0,3.0,1.0,5.0,3.0,2.0,0.0,1.0,3.0,1.0,1.0,2.0,2.0,0.0,2.0,3.0,3.0,2.0,2.0,0.0,2.0,1.0,3.0,5.0,0.0,2.0,0.0,1.0,1.0,3.0,0.0,4.0,3.0,2.0,2.0,3.0,4.0,3.0,0.0
SATE_0030,Satellite,1.0,1.0,39.0,5.0,3.0,1.0,0.0,0.0,2.0,2.0,0.0,2.0,1.0,2.0,1.0,0.0,2.0,1.0,1.0,2.0,4.0,1.0,3.0,1.0,0.0,1.0,0.0,1.0,2.0,3.0,1.0,3.0,1.0,4.0,6.0,3.0,3.0,1.0,3.0,2.0,3.0,2.0,0.0,2.0,1.0,6.0,4.0,2.0,3.0,2.0,2.0,1.0,3.0,1.0,3.0,0.0,6.0,4.0,2.0,0.0,2.0,1.0,0.0,2.0,0.0,1.0,2.0,4.0,0.0,2.0,0.0,2.0,1.0,0.0,4.0,2.0,2.0,1.0,5.0,2.0,1.0,2.0,2.0,4.0,0.0,0.0,3.0,0.0,1.0,0.0,2.0,3.0,1.0,1.0,3.0,2.0,2.0,1.0,1.0,4.0
SATE_0031,Satellite,0.0,5.0,53.0,3.0,0.0,3.0,2.0,1.0,3.0,4.0,0.0,0.0,0.0,2.0,5.0,0.0,3.0,2.0,3.0,2.0,0.0,4.0,1.0,3.0,1.0,2.0,1.0,0.0,1.0,2.0,3.0,3.0,0.0,4.0,1.0,1.0,1.0,0.0,2.0,4.0,1.0,3.0,3.0,2.0,2.0,3.0,1.0,4.0,1.0,3.0,1.0,2.0,3.0,1.0,0.0,2.0,1.0,2.0,3.0,2.0,1.0,2.0,1.0,1.0,3.0,2.0,1.0,4.0,1.0,2.0,4.0,3.0,5.0,1.0,2.0,1.0,6.0,2.0,4.0,1.0,1.0,1.0,2.0,1.0,0.0,2.0,2.0,3.0,1.0,1.0,3.0,7.0,1.0,4.0,3.0,2.0,2.0,3.0,0.0,4.0
SATE_0032,Satellite,5.0,3.0,45.0,0.0,2.0,3.0,0.0,0.0,1.0,0.0,3.0,3.0,3.0,3.0,1.0,0.0,3.0,1.0,1.0,1.0,1.0,2.0,2.0,2.0,1.0,3.0,3.0,1.0,0.0,2.0,0.0,0.0,0.0,0.0,2.0,1.0,0.0,1.0,0.0,3.0,1.0,1.0,4.0,2.0,4.0,2.0,2.0,2.0,1.0,4.0,0.0,1.0,4.0,1.0,4.0,2.0,0.0,1.0,1.0,4.0,2.0,3.0,2.0,3.0,0.0,2.0,3.0,2.0,1.0,1.0,0.0,3.0,4.0,0.0,0.0,5.0,2.0,2.0,1.0,1.0,3.0,2.0,2.0,5.0,1.0,3.0,1.0,2.0,2.0,3.0,2.0,4.0,0.0,1.0,3.0,2.0,1.0,1.0,0.0,1.0
SATE_0033,Satellite,3.0,3.0,52.0,3.0,3.0,1.0,1.0,0.0,3.0,3.0,3.0,2.0,1.0,4.0,3.0,4.0,5.0,2.0,2.0,2.0,2.0,2.0,2.0,1.0,2.0,1.0,1.0,3.0,3.0,1.0,3.0,1.0,1.0,1.0,2.0,0.0,5.0,4.0,2.0,2.0,0.0,1.0,2.0,1.0,2.0,1.0,6.0,1.0,1.0,1.0,0.0,2.0,0.0,3.0,2.0,4.0,3.0,2.0,1.0,1.0,1.0,0.0,1.0,1.0,1.0,3.0,2.0,2.0,4.0,4.0,2.0,1.0,1.0,1.0,3.0,0.0,2.0,0.0,2.0,1.0,6.0,2.0,2.0,2.0,0.0,1.0,3.0,3.0,1.0,0.0,2.0,3.0,2.0,1.0,1.0,1.0,1.0,5.0,2.0,2.0
SATE_0034,Satellite,0.0,0.0,51.0,3.0,2.0,0.0,2.0,1.0,3.0,1.0,1.0,4.0,5.0,3.0,1.0,0.0,6.0,4.0,5.0,0.0,2.0,1.0,1.0,0.0,1.0,1.0,1.0,1.0,3.0,4.0,1.0,2.0,2.0,1.0,2.0,2.0,2.0,0.0,3.0,1.0,4.0,1.0,5.0,3.0,0.0,0.0,3.0,2.0,7.0,2.0,3.0,1.0,1.0,4.0,0.0,5.0,2.0,0.0,3.0,6.0,2.0,2.0,4.0,1.0,0.0,3.0,3.0,2.0,2.0,2.0,2.0,2.0,1.0,2.0,3.0,1.0,4.0,2.0,2.0,1.0,1.0,3.0,3.0,0.0,1.0,0.0,1.0,1.0,1.0,2.0,2.0,4.0,1.0,3.0,1.0,2.0,2.0,2.0,1.0,0.0
SATE_0035,Satellite,2.0,2.0,47.0,4.0,1.0,2.0,0.0,0.0,0.0,4.0,2.0,3.0,4.0,2.0,3.0,1.0,1.0,3.0,6.0,2.0,5.0,2.0,3.0,3.0,1.0,2.0,3.0,2.0,1.0,0.0,2.0,2.0,2.0,6.0,1.0,2.0,4.0,2.0,2.0,1.0,4.0,1.0,0.0,3.0,2.0,0.0,2.0,4.0,1.0,1.0,0.0,2.0,1.0,2.0,3.0,4.0,4.0,5.0,3.0,0.0,2.0,2.0,1.0,2.0,4.0,3.0,0.0,2.0,0.0,1.0,1.0,1.0,0.0,1.0,0.0,3.0,0.0,1.0,1.0,5.0,6.0,2.0,1.0,3.0,4.0,2.0,2.0,1.0,2.0,3.0,1.0,1.0,0.0,0.0,0.0,0.0,1.0,1.0,0.0,4.0
FAP__0001,FAP_fibrotic,1.0,2.0,2.0,42.0,44.0,3.0,3.0,3.0,45.0,2.0,3.0,3.0,2.0,1.0,3.0,2.0,0.0,2.0,5.0,2.0,3.0,3.0,1.0,1.0,0.0,1.0,1.0,2.0,3.0,2.0,3.0,4.0,4.0,2.0,0.0,5.0,4.0,1.0,2.0,0.0,2.0,1.0,4.0,2.0,3.0,1.0,2.0,3.0,2.0,2.0,4.0,0.0,1.0,0.0,6.0,1.0,1.0,0.0,0.0,3.0,3.0,3.0,2.0,2.0,2.0,4.0,1.0,1.0,0.0,3.0,3.0,1.0,2.0,2.0,0.0,0.0,1.0,1.0,2.0,1.0,4.0,1.0,3.0,3.0,2.0,2.0,1.0,1.0,5.0,5.0,1.0,3.0,2.0,3.0,0.0,3.0,1.0,4.0,1.0,0.0
FAP__0002,FAP_fibrotic,1.0,1.0,1.0,33.0,48.0,3.0,2.0,3.0,47.0,3.0,1.0,3.0,3.0,2.0,0.0,1.0,0.0,2.0,3.0,0.0,1.0,2.0,1.0,4.0,4.0,3.0,2.0,1.0,3.0,2.0,2.0,6.0,2.0,1.0,1.0,1.0,1.0,1.0,1.0,0.0,4.0,2.0,0.0,2.0,0.0,0.0,1.0,3.0,5.0,5.0,4.0,5.0,1.0,2.0,3.0,3.0,2.0,2.0,0.0,1.0,0.0,2.0,1.0,0.0,2.0,2.0,2.0,1.0,1.0,1.0,1.0,0.0,5.0,4.0,1.0,1.0,1.0,5.0,1.0,3.0,1.0,2.0,1.0,3.0,0.0,0.0,4.0,1.0,1.0,1.0,0.0,2.0,1.0,0.0,4.0,1.0,4.0,0.0,1.0,2.0
FAP__0003,FAP_fibrotic,3.0,0.0,4.0,34.0,41.0,1.0,2.0,3.0,48.0,1.0,2.0,3.0,1.0,5.0,0.0,2.0,0.0,2.0,2.0,3.0,1.0,3.0,2.0,3.0,1.0,1.0,3.0,2.0,2.0,1.0,3.0,0.0,6.0,1.0,6.0,1.0,2.0,2.0,3.0,0.0,2.0,2.0,0.0,1.0,3.0,5.0,1.0,2.0,4.0,1.0,2.0,1.0,2.0,1.0,6.0,2.0,1.0,3.0,4.0,1.0,1.0,3.0,3.0,2.0,1.0,1.0,1.0,3.0,3.0,3.0,1.0,3.0,4.0,3.0,2.0,0.0,1.0,1.0,1.0,4.0,2.0,3.0,3.0,2.0,3.0,1.0,2.0,1.0,2.0,2.0,4.0,0.0,2.0,3.0,4.0,1.0,5.0,2.0,1.0,2.0
FAP__0004,FAP_fibrotic,1.0,0.0,2.0,43.0,34.0,1.0,2.0,2.0,44.0,1.0,0.0,5.0,1.0,1.0,2.0,1.0,1.0,3.0,2.0,2.0,2.0,1.0,2.0,2.0,2.0,2.0,2.0,1.0,4.0,5.0,1.0,2.0,1.0,2.0,1.0,2.0,3.0,1.0,4.0,2.0,1.0,1.0,1.0,2.0,4.0,0.0,2.0,2.0,0.0,3.0,3.0,2.0,4.0,4.0,1.0,1.0,3.0,0.0,1.0,2.0,0.0,3.0,3.0,0.0,3.0,3.0,0.0,2.0,4.0,0.0,2.0,3.0,0.0,2.0,2.0,2.0,6.0,1.0,1.0,3.0,0.0,0.0,1.0,3.0,3.0,4.0,0.0,2.0,1.0,5.0,4.0,0.0,1.0,1.0,2.0,1.0,5.0,2.0,3.0,4.0
FAP__0005,FAP_fibrotic,1.0,2.0,3.0,53.0,43.0,3.0,5.0,2.0,46.0,5.0,0.0,3.0,2.0,1.0,2.0,3.0,2.0,2.0,1.0,3.0,4.0,3.0,1.0,1.0,1.0,0.0,2.0,2.0,0.0,0.0,0.0,3.0,3.0,1.0,3.0,0.0,5.0,2.0,1.0,3.0,2.0,1.0,2.0,2.0,2.0,1.0,4.0,3.0,1.0,2.0,3.0,2.0,3.0,2.0,1.0,1.0,1.0,1.0,1.0,2.0,3.0,3.0,5.0,1.0,3.0,2.0,2.0,3.0,0.0,6.0,0.0,0.0,2.0,1.0,4.0,3.0,1.0,3.0,2.0,1.0,2.0,2.0,2.0,1.0,1.0,3.0,5.0,0.0,5.0,4.0,2.0,3.0,0.0,2.0,1.0,0.0,0.0,1.0,1.0,2.0
FAP__0006,FAP_fibrotic,1.0,2.0,1.0,52.0,51.0,2.0,3.0,5.0,54.0,3.0,0.0,3.0,2.0,3.0,2.0,1.0,2.0,1.0,2.0,3.0,6.0,1.0,3.0,3.0,5.0,4.0,0.0,1.0,4.0,3.0,7.0,0.0,1.0,0.0,0.0,1.0,1.0,5.0,4.0,3.0,1.0,1.0,2.0,3.0,2.0,1.0,1.0,1.0,2.0,2.0,4.0,1.0,2.0,3.0,5.0,3.0,2.0,2.0,4.0,1.0,1.0,5.0,1.0,4.0,2.0,0.0,0.0,1.0,2.0,1.0,2.0,2.0,3.0,1.0,2.0,2.0,2.0,1.0,3.0,2.0,3.0,3.0,1.0,0.0,3.0,1.0,1.0,2.0,1.0,4.0,1.0,2.0,1.0,1.0,3.0,3.0,1.0,4.0,3.0,1.0
FAP__0007,FAP_fibrotic,1.0,2.0,1.0,42.0,47.0,2.0,7.0,2.0,41.0,0.0,3.0,3.0,1.0,3.0,5.0,4.0,0.0,0.0,1.0,0.0,5.0,1.0,1.0,3.0,0.0,3.0,1.0,2.0,1.0,1.0,0.0,2.0,2.0,3.0,1.0,2.0,4.0,3.0,2.0,0.0,4.0,3.0,2.0,0.0,2.0,0.0,0.0,2.0,2.0,2.0,0.0,2.0,1.0,0.0,2.0,1.0,4.0,1.0,2.0,0.0,2.0,2.0,1.0,3.0,2.0,0.0,1.0,0.0,0.0,0.0,3.0,1.0,0.0,2.0,1.0,2.0,2.0,2.0,1.0,5.0,2.0,4.0,0.0,4.0,2.0,1.0,5.0,4.0,5.0,3.0,1.0,3.0,1.0,2.0,0.0,2.0,1.0,2.0,0.0,0.0
FAP__0008,FAP_fibrotic,3.0,0.0,1.0,40.0,37.0,0.0,3.0,1.0,48.0,3.0,2.0,5.0,3.0,1.0,2.0,2.0,5.0,1.0,2.0,1.0,2.0,1.0,1.0,3.0,2.0,0.0,1.0,1.0,0.0,2.0,1.0,1.0,0.0,7.0,3.0,6.0,5.0,3.0,2.0,3.0,1.0,4.0,3.0,4.0,1.0,1.0,1.0,2.0,2.0,0.0,3.0,2.0,1.0,2.0,4.0,0.0,4.0,2.0,1.0,2.0,2.0,2.0,3.0,2.0,3.0,2.0,1.0,3.0,3.0,3.0,1.0,1.0,0.0,2.0,5.0,1.0,3.0,2.0,3.0,2.0,2.0,3.0,1.0,5.0,3.0,4.0,2.0,0.0,2.0,3.0,3.0,1.0,2.0,3.0,2.0,2.0,0.0,1.0,3.0,2.0
FAP__0009,FAP_fibrotic,2.0,3.0,1.0,41.0,46.0,2.0,2.0,2.0,45.0,1.0,0.0,2.0,3.0,1.0,2.0,3.0,5.0,0.0,0.0,1.0,2.0,0.0,4.0,0.0,1.0,1.0,1.0,4.0,0.0,1.0,0.0,0.0,2.0,3.0,4.0,3.0,3.0,3.0,3.0,0.0,1.0,2.0,2.0,0.0,1.0,2.0,1.0,1.0,3.0,3.0,2.0,2.0,3.0,2.0,2.0,3.0,1.0,6.0,0.0,0.0,2.0,3.0,0.0,2.0,1.0,3.0,1.0,0.0,4.0,0.0,3.0,1.0,1.0,0.0,3.0,1.0,1.0,2.0,3.0,0.0,2.0,4.0,3.0,2.0,1.0,2.0,3.0,0.0,0.0,0.0,2.0,6.0,1.0,0.0,4.0,3.0,2.0,5.0,4.0,4.0
FAP__0010,FAP_fibrotic,2.0,4.0,2.0,51.0,39.0,0.0,0.0,2.0,46.0,4.0,2.0,2.0,1.0,2.0,4.0,2.0,1.0,2.0,2.0,1.0,3.0,2.0,1.0,1.0,2.0,1.0,3.0,3.0,0.0,2.0,1.0,0.0,2.0,3.0,3.0,1.0,0.0,0.0,2.0,0.0,2.0,0.0,3.0,4.0,1.0,1.0,2.0,3.0,1.0,2.0,2.0,3.0,1.0,2.0,2.0,3.0,4.0,1.0,1.0,2.0,0.0,1.0,1.0,1.0,2.0,4.0,5.0,2.0,4.0,0.0,2.0,4.0,2.0,2.0,0.0,2.0,2.0,2.0,4.0,5.0,3.0,2.0,1.0,2.0,2.0,1.0,3.0,1.0,2.0,1.0,3.0,2.0,2.0,2.0,4.0,1.0,1.0,2.0,1.0,2.0
FAP__0011,FAP_fibrotic,3.0,1.0,3.0,45.0,35.0,3.0,1.0,1.0,44.0,0.0,1.0,2.0,0.0,2.0,2.0,3.0,2.0,2.0,1.0,2.0,0.0,1.0,2.0,2.0,0.0,4.0,7.0,3.0,3.0,1.0,5.0,0.0,3.0,3.0,2.0,0.0,1.0,4.0,2.0,1.0,0.0,2.0,1.0,2.0,0.0,4.0,3.0,1.0,4.0,1.0,1.0,3.0,1.0,4.0,2.0,1.0,4.0,0.0,1.0,0.0,0.0,1.0,2.0,4.0,3.0,3.0,0.0,2.0,3.0,2.0,3.0,2.0,3.0,2.0,0.0,0.0,0.0,4.0,5.0,3.0,2.0,1.0,4.0,3.0,0.0,1.0,2.0,2.0,1.0,2.0,5.0,1.0,3.0,1.0,0.0,1.0,1.0,5.0,2.0,0.0
FAP__0012,FAP_fibrotic,3.0,1.0,1.0,56.0,44.0,2.0,4.0,0.0,42.0,6.0,2.0,3.0,1.0,1.0,2.0,2.0,1.0,2.0,1.0,1.0,5.0,1.0,2.0,0.0,2.0,2.0,4.0,2.0,1.0,4.0,1.0,5.0,2.0,0.0,0.0,1.0,4.0,2.0,1.0,0.0,2.0,2.0,2.0,1.0,2.0,3.0,3.0,3.0,1.0,3.0,0.0,0.0,3.0,1.0,2.0,3.0,1.0,3.0,1.0,3.0,3.0,2.0,1.0,2.0,3.0,1.0,1.0,3.0,5.0,0.0,2.0,3.0,2.0,3.0,3.0,2.0,1.0,1.0,2.0,3.0,5.0,1.0,1.0,1.0,2.0,1.0,1.0,6.0,1.0,3.0,0.0,3.0,0.0,0.0,1.0,2.0,3.0,1.0,1.0,5.0
FAP__0013,FAP_fibrotic,2.0,5.0,2.0,33.0,48.0,4.0,3.0,5.0,51.0,3.0,3.0,4.0,2.0,1.0,0.0,2.0,3.0,1.0,0.0,3.0,3.0,2.0,2.0,0.0,1.0,2.0,0.0,3.0,1.0,0.0,4.0,1.0,2.0,1.0,1.0,3.0,4.0,4.0,5.0,2.0,4.0,1.0,1.0,3.0,2.0,2.0,1.0,2.0,3.0,0.0,2.0,0.0,3.0,2.0,4.0,2.0,2.0,4.0,1.0,1.0,2.0,3.0,4.0,0.0,0.0,3.0,3.0,2.0,1.0,3.0,4.0,2.0,3.0,1.0,0.0,2.0,2.0,1.0,0.0,2.0,2.0,3.0,2.0,2.0,1.0,1.0,5.0,5.0,1.0,1.0,3.0,5.0,3.0,2.0,6.0,1.0,1.0,2.0,0.0,3.0
FAP__0014,FAP_fibrotic,2.0,1.0,6.0,42.0,43.0,0.0,3.0,3.0,49.0,4.0,1.0,3.0,4.0,4.0,2.0,2.0,2.0,0.0,0.0,2.0,0.0,0.0,2.0,0.0,5.0,1.0,0.0,4.0,1.0,5.0,0.0,2.0,1.0,3.0,2.0,0.0,1.0,5.0,3.0,6.0,2.0,2.0,1.0,1.0,1.0,3.0,2.0,3.0,2.0,4.0,2.0,0.0,2.0,3.0,1.0,5.0,2.0,1.0,3.0,1.0,0.0,2.0,3.0,6.0,2.0,1.0,1.0,3.0,2.0,2.0,4.0,3.0,1.0,1.0,6.0,1.0,1.0,1.0,0.0,3.0,1.0,2.0,0.0,1.0,1.0,4.0,0.0,0.0,3.0,1.0,3.0,2.0,1.0,1.0,0.0,0.0,1.0,2.0,2.0,2.0
FAP__0015,FAP_fibrotic,0.0,2.0,3.0,57.0,45.0,4.0,3.0,3.0,54.0,3.0,2.0,2.0,3.0,2.0,1.0,3.0,3.0,2.0,2.0,1.0,0.0,6.0,3.0,6.0,1.0,3.0,3.0,2.0,1.0,0.0,2.0,1.0,1.0,1.0,1.0,4.0,2.0,6.0,0.0,3.0,2.0,0.0,2.0,1.0,1.0,1.0,1.0,1.0,1.0,4.0,4.0,0.0,2.0,1.0,0.0,3.0,1.0,1.0,5.0,0.0,3.0,5.0,2.0,2.0,2.0,2.0,2.0,1.0,4.0,3.0,1.0,1.0,2.0,2.0,1.0,1.0,4.0,3.0,2.0,0.0,3.0,3.0,2.0,4.0,1.0,3.0,4.0,4.0,3.0,0.0,2.0,2.0,2.0,2.0,2.0,3.0,1.0,2.0,2.0,2.0
FAP__0016,FAP_fibrotic,2.0,1.0,2.0,38.0,58.0,3.0,3.0,1.0,38.0,2.0,3.0,1.0,2.0,3.0,0.0,2.0,1.0,2.0,0.0,3.0,5.0,5.0,1.0,3.0,5.0,1.0,0.0,4.0,0.0,3.0,3.0,1.0,1.0,1.0,1.0,2.0,4.0,2.0,3.0,2.0,2.0,2.0,1.0,2.0,1.0,1.0,2.0,2.0,2.0,0.0,1.0,2.0,2.0,3.0,5.0,5.0,2.0,1.0,3.0,4.0,7.0,4.0,0.0,0.0,2.0,4.0,1.0,1.0,1.0,4.0,0.0,2.0,1.0,2.0,3.0,7.0,5.0,2.0,0.0,2.0,1.0,2.0,4.0,1.0,4.0,3.0,3.0,0.0,0.0,1.0,6.0,0.0,3.0,2.0,2.0,1.0,2.0,2.0,2.0,0.0
FAP__0017,FAP_fibrotic,1.0,5.0,4.0,44.0,47.0,2.0,3.0,1.0,46.0,0.0,2.0,0.0,3.0,3.0,2.0,5.0,5.0,3.0,2.0,3.0,2.0,1.0,3.0,1.0,3.0,2.0,3.0,2.0,2.0,2.0,6.0,3.0,4.0,2.0,2.0,1.0,0.0,3.0,0.0,2.0,6.0,4.0,3.0,2.0,6.0,4.0,5.0,1.0,1.0,2.0,2.0,2.0,1.0,1.0,3.0,3.0,2.0,1.0,3.0,1.0,0.0,2.0,2.0,3.0,2.0,2.0,3.0,2.0,2.0,0.0,1.0,1.0,0.0,4.0,1.0,3.0,2.0,2.0,4.0,1.0,2.0,2.0,2.0,1.0,1.0,2.0,4.0,3.0,2.0,0.0,1.0,5.0,1.0,0.0,0.0,6.0,3.0,2.0,0.0,1.0
FAP__0018,FAP_fibrotic,2.0,0.0,2.0,35.0,48.0,0.0,2.0,4.0,45.0,0.0,0.0,1.0,3.0,1.0,3.0,3.0,0.0,1.0,1.0,2.0,1.0,0.0,2.0,4.0,3.0,3.0,2.0,3.0,3.0,2.0,1.0,1.0,2.0,1.0,3.0,2.0,2.0,2.0,2.0,1.0,0.0,0.0,1.0,2.0,3.0,1.0,1.0,1.0,2.0,3.0,1.0,2.0,4.0,1.0,2.0,2.0,3.0,2.0,0.0,1.0,0.0,3.0,0.0,5.0,1.0,1.0,3.0,2.0,2.0,4.0,2.0,1.0,2.0,4.0,3.0,0.0,2.0,2.0,2.0,1.0,0.0,2.0,4.0,3.0,2.0,1.0,3.0,2.0,2.0,4.0,1.0,0.0,3.0,1.0,2.0,2.0,2.0,2.0,3.0,1.0
FAP__0019,FAP_fibrotic,2.0,2.0,2.0,45.0,41.0,2.0,2.0,1.0,47.0,5.0,1.0,0.0,2.0,2.0,3.0,0.0,0.0,4.0,2.0,1.0,0.0,2.0,2.0,4.0,3.0,2.0,2.0,1.0,0.0,3.0,3.0,3.0,1.0,3.0,2.0,3.0,1.0,1.0,2.0,2.0,2.0,5.0,6.0,0.0,2.0,2.0,3.0,3.0,1.0,2.0,1.0,1.0,3.0,2.0,1.0,0.0,1.0,1.0,3.0,1.0,2.0,3.0,0.0,2.0,0.0,0.0,3.0,3.0,1.0,1.0,3.0,5.0,1.0,1.0,2.0,2.0,2.0,0.0,1.0,1.0,1.0,2.0,2.0,1.0,4.0,5.0,0.0,1.0,2.0,2.0,1.0,2.0,2.0,1.0,0.0,1.0,2.0,1.0,2.0,2.0
FAP__0020,FAP_fibrotic,1.0,1.0,5.0,43.0,52.0,3.0,5.0,2.0,47.0,6.0,0.0,2.0,7.0,4.0,5.0,1.0,2.0,0.0,1.0,2.0,2.0,3.0,0.0,0.0,4.0,2.0,2.0,3.0,2.0,1.0,5.0,2.0,1.0,5.0,0.0,3.0,0.0,1.0,7.0,1.0,3.0,2.0,1.0,3.0,2.0,0.0,3.0,2.0,2.0,5.0,3.0,1.0,4.0,2.0,3.0,1.0,1.0,1.0,1.0,2.0,2.0,3.0,2.0,1.0,2.0,2.0,3.0,2.0,4.0,3.0,2.0,2.0,2.0,3.0,0.0,3.0,4.0,1.0,1.0,4.0,0.0,1.0,1.0,1.0,0.0,4.0,3.0,1.0,2.0,0.0,2.0,0.0,6.0,2.0,1.0,0.0,0.0,1.0,1.0,2.0
FAP__0021,FAP_fibrotic,1.0,3.0,0.0,43.0,40.0,3.0,3.0,3.0,55.0,1.0,3.0,2.0,6.0,2.0,3.0,4.0,3.0,0.0,5.0,2.0,2.0,3.0,0.0,1.0,1.0,2.0,3.0,3.0,1.0,5.0,1.0,3.0,1.0,3.0,4.0,1.0,3.0,0.0,0.0,2.0,0.0,0.0,2.0,1.0,0.0,1.0,0.0,3.0,1.0,0.0,2.0,2.0,1.0,4.0,3.0,4.0,0.0,2.0,2.0,1.0,1.0,1.0,3.0,1.0,0.0,3.0,1.0,1.0,4.0,5.0,3.0,3.0,1.0,0.0,4.0,0.0,6.0,1.0,2.0,1.0,3.0,2.0,2.0,2.0,0.0,2.0,1.0,4.0,2.0,2.0,0.0,2.0,0.0,0.0,2.0,3.0,3.0,1.0,3.0,2.0
FAP__0022,FAP_fibrotic,2.0,2.0,4.0,45.0,52.0,2.0,1.0,1.0,39.0,2.0,4.0,6.0,2.0,3.0,1.0,1.0,2.0,3.0,2.0,0.0,0.0,3.0,1.0,0.0,5.0,2.0,2.0,0.0,3.0,1.0,3.0,3.0,2.0,0.0,2.0,4.0,0.0,2.0,3.0,1.0,1.0,1.0,1.0,2.0,1.0,0.0,2.0,2.0,4.0,1.0,2.0,1.0,3.0,3.0,1.0,3.0,2.0,1.0,2.0,0.0,1.0,1.0,3.0,1.0,3.0,0.0,1.0,1.0,1.0,3.0,1.0,4.0,2.0,2.0,2.0,1.0,2.0,1.0,4.0,3.0,4.0,8.0,2.0,1.0,2.0,2.0,2.0,3.0,2.0,1.0,1.0,2.0,0.0,4.0,3.0,6.0,1.0,3.0,2.0,2.0
FAP__0023,FAP_fibrotic,1.0,2.0,2.0,46.0,39.0,0.0,1.0,0.0,39.0,1.0,2.0,1.0,2.0,4.0,1.0,2.0,0.0,2.0,1.0,3.0,2.0,0.0,1.0,0.0,2.0,1.0,3.0,4.0,4.0,3.0,4.0,0.0,3.0,0.0,3.0,2.0,3.0,3.0,3.0,2.0,1.0,1.0,3.0,1.0,0.0,0.0,2.0,4.0,1.0,2.0,2.0,3.0,2.0,4.0,3.0,2.0,2.0,2.0,0.0,0.0,6.0,3.0,3.0,1.0,3.0,1.0,1.0,2.0,4.0,3.0,0.0,2.0,1.0,3.0,2.0,0.0,1.0,1.0,1.0,1.0,1.0,3.0,2.0,3.0,4.0,3.0,1.0,1.0,5.0,0.0,1.0,4.0,2.0,4.0,2.0,3.0,2.0,2.0,1.0,2.0
FAP__0024,FAP_fibrotic,1.0,1.0,4.0,49.0,52.0,2.0,4.0,7.0,50.0,1.0,2.0,1.0,1.0,0.0,6.0,1.0,1.0,1.0,2.0,2.0,3.0,1.0,1.0,1.0,0.0,0.0,1.0,1.0,3.0,2.0,3.0,2.0,4.0,0.0,3.0,1.0,4.0,0.0,2.0,2.0,2.0,2.0,2.0,1.0,3.0,3.0,2.0,1.0,1.0,2.0,4.0,1.0,4.0,0.0,2.0,3.0,0.0,2.0,1.0,3.0,5.0,4.0,1.0,2.0,0.0,0.0,1.0,3.0,4.0,2.0,2.0,1.0,1.0,1.0,3.0,4.0,3.0,1.0,0.0,2.0,3.0,1.0,2.0,5.0,2.0,1.0,3.0,4.0,0.0,4.0,2.0,2.0,1.0,1.0,1.0,2.0,1.0,5.0,0.0,1.0
FAP__0025,FAP_fibrotic,4.0,1.0,2.0,50.0,49.0,1.0,2.0,1.0,52.0,1.0,1.0,2.0,2.0,1.0,3.0,4.0,4.0,4.0,1.0,2.0,1.0,3.0,3.0,2.0,0.0,2.0,4.0,0.0,1.0,4.0,1.0,2.0,1.0,3.0,3.0,1.0,3.0,0.0,2.0,0.0,2.0,1.0,2.0,1.0,2.0,0.0,3.0,1.0,2.0,3.0,3.0,0.0,3.0,1.0,4.0,0.0,0.0,1.0,5.0,2.0,3.0,1.0,2.0,1.0,5.0,2.0,3.0,1.0,1.0,2.0,1.0,3.0,1.0,0.0,1.0,2.0,1.0,1.0,0.0,3.0,3.0,1.0,1.0,4.0,3.0,0.0,1.0,2.0,1.0,2.0,1.0,6.0,3.0,2.0,0.0,1.0,1.0,1.0,1.0,3.0
FAP__0026,FAP_fibrotic,3.0,1.0,1.0,40.0,51.0,1.0,1.0,5.0,46.0,0.0,1.0,4.0,1.0,2.0,1.0,3.0,3.0,9.0,4.0,1.0,5.0,2.0,3.0,2.0,5.0,6.0,2.0,5.0,2.0,0.0,1.0,2.0,2.0,1.0,2.0,0.0,1.0,1.0,3.0,2.0,1.0,3.0,2.0,4.0,0.0,4.0,2.0,2.0,2.0,3.0,1.0,2.0,1.0,1.0,1.0,1.0,1.0,0.0,0.0,0.0,0.0,5.0,2.0,1.0,1.0,1.0,2.0,3.0,1.0,2.0,3.0,2.0,1.0,6.0,2.0,2.0,1.0,3.0,3.0,3.0,0.0,0.0,1.0,3.0,3.0,2.0,2.0,0.0,2.0,2.0,4.0,4.0,3.0,1.0,1.0,0.0,2.0,4.0,1.0,1.0
FAP__0027,FAP_fibrotic,2.0,0.0,1.0,44.0,52.0,2.0,1.0,1.0,42.0,3.0,2.0,1.0,1.0,1.0,2.0,0.0,2.0,1.0,0.0,3.0,1.0,1.0,2.0,2.0,1.0,1.0,7.0,2.0,2.0,0.0,2.0,3.0,1.0,3.0,2.0,0.0,1.0,1.0,3.0,0.0,3.0,0.0,1.0,2.0,3.0,0.0,4.0,0.0,3.0,0.0,1.0,1.0,1.0,1.0,0.0,4.0,2.0,3.0,2.0,2.0,4.0,1.0,5.0,3.0,2.0,2.0,3.0,2.0,1.0,1.0,2.0,7.0,2.0,3.0,4.0,1.0,0.0,2.0,3.0,4.0,0.0,0.0,1.0,3.0,4.0,3.0,3.0,1.0,2.0,3.0,2.0,1.0,0.0,2.0,1.0,3.0,0.0,1.0,1.0,2.0
FAP__0028,FAP_fibrotic,2.0,2.0,4.0,47.0,38.0,6.0,2.0,3.0,45.0,4.0,3.0,1.0,4.0,2.0,3.0,1.0,3.0,4.0,3.0,2.0,3.0,0.0,2.0,1.0,1.0,2.0,3.0,4.0,5.0,1.0,1.0,5.0,7.0,2.0,2.0,4.0,3.0,0.0,2.0,1.0,2.0,0.0,2.0,3.0,2.0,4.0,3.0,3.0,1.0,1.0,1.0,0.0,4.0,7.0,2.0,3.0,2.0,2.0,2.0,3.0,0.0,2.0,2.0,3.0,1.0,4.0,2.0,0.0,2.0,1.0,1.0,0.0,0.0,9.0,0.0,0.0,1.0,2.0,2.0,1.0,5.0,3.0,1.0,2.0,2.0,4.0,4.0,4.0,1.0,2.0,0.0,0.0,2.0,0.0,1.0,1.0,0.0,3.0,2.0,4.0
FAP__0029,FAP_fibrotic,4.0,4.0,2.0,49.0,45.0,1.0,4.0,3.0,41.0,2.0,1.0,2.0,2.0,0.0,2.0,0.0,3.0,4.0,4.0,1.0,1.0,0.0,1.0,3.0,4.0,4.0,1.0,0.0,2.0,1.0,3.0,2.0,4.0,3.0,2.0,1.0,0.0,1.0,6.0,1.0,1.0,1.0,1.0,1.0,0.0,2.0,2.0,1.0,2.0,2.0,3.0,6.0,0.0,1.0,0.0,1.0,1.0,4.0,2.0,3.0,1.0,1.0,3.0,2.0,2.0,0.0,0.0,2.0,3.0,1.0,4.0,2.0,3.0,5.0,2.0,1.0,4.0,3.0,3.0,2.0,2.0,1.0,3.0,2.0,1.0,2.0,2.0,4.0,2.0,0.0,5.0,2.0,1.0,2.0,1.0,0.0,0.0,2.0,0.0,2.0
FAP__0030,FAP_fibrotic,5.0,2.0,1.0,38.0,48.0,1.0,1.0,2.0,40.0,1.0,0.0,2.0,2.0,1.0,2.0,2.0,3.0,1.0,0.0,4.0,1.0,1.0,2.0,4.0,2.0,1.0,1.0,1.0,1.0,2.0,3.0,1.0,0.0,0.0,2.0,3.0,1.0,1.0,2.0,2.0,0.0,3.0,0.0,4.0,4.0,1.0,2.0,3.0,1.0,4.0,5.0,4.0,1.0,1.0,1.0,1.0,2.0,1.0,0.0,4.0,4.0,2.0,2.0,1.0,1.0,2.0,2.0,2.0,3.0,3.0,4.0,0.0,2.0,0.0,2.0,3.0,3.0,0.0,5.0,1.0,2.0,5.0,1.0,1.0,1.0,2.0,2.0,1.0,2.0,1.0,2.0,4.0,1.0,1.0,3.0,0.0,1.0,2.0,2.0,1.0
FAP__0031,FAP_fibrotic,0.0,4.0,1.0,51.0,46.0,0.0,3.0,1.0,48.0,1.0,3.0,0.0,3.0,1.0,3.0,3.0,2.0,0.0,1.0,4.0,5.0,2.0,3.0,2.0,3.0,1.0,4.0,2.0,2.0,0.0,1.0,2.0,1.0,1.0,1.0,0.0,4.0,0.0,3.0,2.0,1.0,3.0,1.0,2.0,2.0,1.0,0.0,3.0,2.0,1.0,0.0,2.0,3.0,3.0,2.0,2.0,2.0,0.0,2.0,4.0,3.0,1.0,1.0,3.0,2.0,7.0,6.0,5.0,1.0,2.0,2.0,3.0,1.0,4.0,3.0,2.0,0.0,1.0,6.0,2.0,4.0,1.0,3.0,4.0,3.0,1.0,2.0,2.0,1.0,1.0,1.0,0.0,3.0,0.0,4.0,3.0,4.0,2.0,2.0,1.0
FAP__0032,FAP_fibrotic,4.0,2.0,1.0,44.0,46.0,3.0,0.0,2.0,42.0,1.0,2.0,3.0,1.0,1.0,0.0,1.0,0.0,1.0,1.0,4.0,2.0,1.0,2.0,3.0,2.0,2.0,0.0,3.0,2.0,3.0,1.0,2.0,2.0,2.0,1.0,5.0,1.0,3.0,2.0,2.0,3.0,5.0,3.0,4.0,1.0,4.0,2.0,1.0,2.0,3.0,1.0,1.0,4.0,2.0,5.0,6.0,2.0,2.0,0.0,2.0,3.0,0.0,1.0,5.0,1.0,2.0,2.0,2.0,1.0,2.0,2.0,0.0,0.0,2.0,1.0,6.0,2.0,6.0,2.0,3.0,2.0,0.0,1.0,4.0,1.0,2.0,1.0,1.0,2.0,1.0,1.0,0.0,2.0,2.0,1.0,1.0,2.0,2.0,3.0,2.0
FAP__0033,FAP_fibrotic,1.0,3.0,1.0,46.0,38.0,1.0,2.0,0.0,54.0,3.0,0.0,4.0,1.0,1.0,1.0,1.0,3.0,1.0,1.0,1.0,1.0,1.0,1.0,2.0,3.0,2.0,1.0,1.0,4.0,3.0,3.0,4.0,1.0,1.0,2.0,1.0,1.0,6.0,3.0,2.0,2.0,1.0,2.0,2.0,0.0,2.0,3.0,1.0,4.0,3.0,1.0,2.0,4.0,3.0,3.0,4.0,0.0,2.0,5.0,4.0,2.0,1.0,0.0,1.0,1.0,4.0,1.0,1.0,3.0,1.0,0.0,2.0,0.0,1.0,2.0,1.0,1.0,4.0,4.0,2.0,2.0,1.0,1.0,3.0,1.0,2.0,1.0,3.0,3.0,3.0,2.0,3.0,1.0,2.0,2.0,0.0,0.0,0.0,2.0,3.0
FAP__0034,FAP_fibrotic,2.0,3.0,1.0,44.0,41.0,2.0,1.0,2.0,55.0,4.0,2.0,2.0,1.0,1.0,5.0,4.0,1.0,3.0,4.0,1.0,4.0,2.0,1.0,2.0,3.0,0.0,4.0,2.0,4.0,2.0,4.0,0.0,4.0,2.0,1.0,3.0,1.0,0.0,4.0,2.0,0.0,5.0,2.0,1.0,1.0,1.0,2.0,2.0,4.0,6.0,2.0,2.0,2.0,4.0,1.0,3.0,2.0,2.0,3.0,3.0,1.0,1.0,1.0,4.0,1.0,1.0,1.0,2.0,1.0,2.0,3.0,3.0,2.0,2.0,2.0,1.0,7.0,3.0,2.0,3.0,1.0,1.0,1.0,1.0,1.0,0.0,1.0,5.0,1.0,0.0,1.0,5.0,1.0,1.0,1.0,3.0,0.0,1.0,5.0,5.0
FAP__0035,FAP_fibrotic,0.0,3.0,2.0,49.0,43.0,2.0,2.0,1.0,44.0,2.0,3.0,2.0,4.0,2.0,1.0,3.0,3.0,2.0,1.0,4.0,1.0,1.0,1.0,4.0,2.0,3.0,0.0,5.0,4.0,2.0,1.0,6.0,2.0,0.0,1.0,1.0,1.0,3.0,1.0,1.0,1.0,2.0,1.0,5.0,2.0,3.0,1.0,0.0,2.0,1.0,3.0,1.0,4.0,2.0,1.0,3.0,2.0,2.0,3.0,0.0,1.0,0.0,0.0,2.0,2.0,2.0,0.0,0.0,2.0,2.0,1.0,1.0,3.0,5.0,2.0,2.0,3.0,3.0,2.0,2.0,1.0,1.0,2.0,3.0,2.0,3.0,1.0,0.0,2.0,2.0,2.0,3.0,0.0,1.0,1.0,2.0,5.0,2.0,2.0,0.0
FAP__0036,FAP_fibrotic,6.0,2.0,2.0,43.0,39.0,2.0,2.0,2.0,46.0,3.0,3.0,1.0,5.0,1.0,2.0,2.0,2.0,3.0,2.0,1.0,1.0,1.0,1.0,2.0,2.0,1.0,4.0,2.0,0.0,2.0,4.0,1.0,1.0,1.0,4.0,3.0,3.0,0.0,4.0,3.0,1.0,1.0,1.0,2.0,1.0,3.0,7.0,1.0,2.0,3.0,2.0,0.0,3.0,4.0,2.0,2.0,1.0,4.0,2.0,1.0,2.0,1.0,3.0,4.0,1.0,3.0,2.0,3.0,4.0,1.0,4.0,2.0,2.0,3.0,1.0,0.0,1.0,4.0,0.0,1.0,1.0,2.0,0.0,2.0,0.0,1.0,4.0,1.0,3.0,4.0,3.0,3.0,1.0,2.0,2.0,0.0,4.0,5.0,1.0,1.0
FAP__0037,FAP_fibrotic,5.0,2.0,1.0,48.0,47.0,0.0,1.0,1.0,54.0,2.0,0.0,3.0,1.0,2.0,2.0,3.0,3.0,3.0,1.0,1.0,3.0,3.0,1.0,3.0,1.0,2.0,3.0,1.0,3.0,0.0,3.0,1.0,0.0,4.0,1.0,3.0,1.0,3.0,1.0,0.0,1.0,1.0,2.0,3.0,4.0,0.0,1.0,2.0,0.0,1.0,3.0,3.0,1.0,1.0,2.0,2.0,0.0,4.0,1.0,4.0,2.0,3.0,1.0,6.0,3.0,1.0,4.0,1.0,1.0,5.0,4.0,0.0,3.0,2.0,5.0,2.0,4.0,4.0,5.0,2.0,0.0,0.0,2.0,2.0,2.0,3.0,3.0,3.0,0.0,2.0,2.0,4.0,0.0,3.0,4.0,1.0,0.0,4.0,7.0,0.0
FAP__0038,FAP_fibrotic,3.0,0.0,4.0,39.0,50.0,2.0,3.0,4.0,38.0,4.0,0.0,2.0,1.0,1.0,2.0,1.0,2.0,3.0,3.0,2.0,2.0,0.0,3.0,2.0,1.0,4.0,3.0,2.0,3.0,0.0,3.0,3.0,1.0,2.0,0.0,5.0,3.0,2.0,2.0,3.0,1.0,3.0,3.0,0.0,1.0,1.0,1.0,2.0,0.0,1.0,0.0,1.0,3.0,1.0,2.0,4.0,1.0,3.0,4.0,1.0,3.0,1.0,1.0,3.0,1.0,2.0,1.0,2.0,3.0,2.0,2.0,2.0,2.0,0.0,3.0,1.0,3.0,1.0,0.0,3.0,2.0,0.0,3.0,2.0,0.0,1.0,4.0,2.0,3.0,4.0,2.0,2.0,0.0,1.0,1.0,5.0,2.0,3.0,5.0,4.0
FAP__0039,FAP_fibrotic,3.0,3.0,1.0,43.0,44.0,1.0,2.0,0.0,60.0,0.0,1.0,3.0,2.0,4.0,2.0,2.0,0.0,3.0,3.0,1.0,2.0,3.0,2.0,3.0,2.0,1.0,2.0,5.0,1.0,2.0,0.0,5.0,2.0,4.0,1.0,3.0,2.0,1.0,1.0,2.0,2.0,3.0,2.0,0.0,1.0,2.0,3.0,1.0,2.0,3.0,3.0,1.0,5.0,1.0,1.0,0.0,2.0,2.0,2.0,5.0,2.0,1.0,5.0,2.0,1.0,4.0,0.0,0.0,1.0,3.0,2.0,2.0,1.0,1.0,3.0,3.0,3.0,1.0,1.0,0.0,0.0,3.0,3.0,7.0,0.0,2.0,4.0,4.0,1.0,4.0,2.0,1.0,1.0,1.0,3.0,1.0,1.0,1.0,1.0,3.0
FAP__0040,FAP_fibrotic,2.0,1.0,2.0,45.0,42.0,1.0,1.0,2.0,47.0,0.0,3.0,2.0,1.0,1.0,0.0,2.0,2.0,5.0,0.0,0.0,2.0,3.0,0.0,0.0,1.0,0.0,2.0,2.0,5.0,2.0,1.0,3.0,1.0,1.0,2.0,1.0,4.0,2.0,0.0,3.0,7.0,1.0,1.0,4.0,0.0,2.0,1.0,2.0,1.0,1.0,4.0,2.0,0.0,3.0,3.0,5.0,3.0,1.0,2.0,2.0,2.0,1.0,0.0,2.0,4.0,5.0,1.0,2.0,2.0,2.0,2.0,4.0,2.0,4.0,2.0,2.0,1.0,0.0,6.0,1.0,2.0,0.0,1.0,2.0,1.0,2.0,3.0,1.0,4.0,2.0,2.0,3.0,0.0,1.0,0.0,0.0,3.0,3.0,1.0,1.0
FAP__0041,FAP_fibrotic,2.0,0.0,3.0,50.0,41.0,2.0,1.0,1.0,44.0,1.0,1.0,3.0,2.0,2.0,3.0,0.0,1.0,1.0,3.0,2.0,3.0,1.0,3.0,2.0,1.0,3.0,1.0,4.0,1.0,1.0,2.0,2.0,1.0,2.0,1.0,1.0,2.0,0.0,3.0,2.0,0.0,2.0,0.0,4.0,2.0,4.0,2.0,1.0,4.0,3.0,2.0,1.0,4.0,1.0,3.0,4.0,0.0,2.0,2.0,3.0,1.0,1.0,1.0,0.0,1.0,2.0,3.0,1.0,2.0,3.0,3.0,1.0,0.0,1.0,3.0,1.0,1.0,2.0,1.0,5.0,4.0,1.0,0.0,3.0,4.0,5.0,3.0,6.0,1.0,4.0,1.0,0.0,1.0,2.0,5.0,5.0,3.0,5.0,4.0,3.0
FAP__0042,FAP_fibrotic,1.0,1.0,3.0,45.0,52.0,1.0,3.0,0.0,43.0,2.0,2.0,1.0,1.0,4.0,2.0,1.0,1.0,6.0,1.0,1.0,1.0,0.0,1.0,2.0,3.0,3.0,0.0,2.0,2.0,3.0,2.0,0.0,3.0,2.0,2.0,3.0,2.0,1.0,5.0,2.0,4.0,0.0,2.0,3.0,1.0,3.0,2.0,2.0,1.0,0.0,4.0,1.0,4.0,3.0,1.0,2.0,2.0,1.0,3.0,3.0,2.0,2.0,2.0,2.0,1.0,3.0,3.0,1.0,3.0,2.0,1.0,4.0,5.0,2.0,2.0,3.0,2.0,1.0,4.0,1.0,1.0,2.0,1.0,4.0,1.0,2.0,0.0,3.0,1.0,1.0,1.0,1.0,3.0,0.0,0.0,3.0,2.0,3.0,1.0,3.0
FAP__0043,FAP_fibrotic,2.0,3.0,2.0,40.0,50.0,2.0,2.0,4.0,41.0,2.0,4.0,5.0,4.0,1.0,1.0,4.0,4.0,0.0,0.0,2.0,1.0,3.0,1.0,1.0,0.0,3.0,2.0,1.0,0.0,2.0,6.0,1.0,1.0,0.0,4.0,1.0,2.0,0.0,0.0,4.0,3.0,1.0,2.0,1.0,1.0,3.0,3.0,3.0,1.0,1.0,5.0,2.0,1.0,4.0,2.0,1.0,1.0,0.0,2.0,2.0,2.0,3.0,2.0,4.0,2.0,2.0,4.0,3.0,1.0,2.0,1.0,2.0,3.0,1.0,1.0,1.0,1.0,2.0,1.0,1.0,5.0,3.0,3.0,0.0,2.0,1.0,2.0,0.0,5.0,3.0,1.0,4.0,3.0,2.0,2.0,1.0,0.0,2.0,0.0,2.0
FAP__0044,FAP_fibrotic,3.0,3.0,0.0,38.0,46.0,1.0,2.0,3.0,53.0,0.0,1.0,2.0,2.0,5.0,1.0,0.0,6.0,2.0,1.0,0.0,2.0,2.0,7.0,2.0,0.0,2.0,1.0,3.0,3.0,2.0,1.0,3.0,1.0,2.0,4.0,1.0,1.0,1.0,4.0,1.0,0.0,2.0,4.0,2.0,0.0,0.0,2.0,2.0,2.0,3.0,2.0,3.0,6.0,4.0,2.0,1.0,2.0,1.0,0.0,2.0,4.0,2.0,2.0,1.0,2.0,4.0,1.0,6.0,3.0,4.0,3.0,1.0,2.0,2.0,3.0,1.0,2.0,3.0,4.0,2.0,2.0,0.0,2.0,3.0,2.0,2.0,4.0,1.0,1.0,0.0,0.0,1.0,2.0,2.0,3.0,0.0,4.0,1.0,1.0,3.0
FAP__0045,FAP_fibrotic,2.0,3.0,5.0,49.0,40.0,5.0,0.0,2.0,38.0,5.0,1.0,2.0,2.0,2.0,2.0,2.0,2.0,3.0,3.0,3.0,5.0,3.0,3.0,3.0,0.0,4.0,2.0,2.0,2.0,3.0,2.0,2.0,0.0,4.0,0.0,0.0,3.0,1.0,2.0,3.0,3.0,3.0,3.0,1.0,3.0,0.0,0.0,3.0,1.0,3.0,1.0,2.0,3.0,1.0,1.0,1.0,1.0,2.0,2.0,2.0,1.0,2.0,6.0,3.0,4.0,3.0,3.0,0.0,0.0,5.0,2.0,3.0,2.0,1.0,4.0,3.0,4.0,1.0,2.0,1.0,2.0,4.0,4.0,4.0,2.0,2.0,1.0,2.0,1.0,0.0,2.0,4.0,1.0,2.0,0.0,1.0,1.0,1.0,4.0,0.0
FAP__0001,FAP_adipo,4.0,1.0,1.0,44.0,1.0,3.0,2.0,3.0,1.0,47.0,1.0,6.0,1.0,1.0,3.0,1.0,3.0,1.0,3.0,3.0,2.0,2.0,1.0,3.0,0.0,3.0,2.0,4.0,1.0,1.0,3.0,3.0,3.0,3.0,3.0,2.0,3.0,2.0,2.0,3.0,2.0,2.0,1.0,1.0,1.0,0.0,0.0,0.0,0.0,0.0,0.0,4.0,0.0,1.0,4.0,3.0,3.0,1.0,2.0,2.0,3.0,2.0,4.0,0.0,0.0,2.0,2.0,1.0,1.0,1.0,3.0,1.0,0.0,2.0,4.0,0.0,0.0,4.0,3.0,0.0,1.0,3.0,3.0,0.0,1.0,3.0,1.0,2.0,2.0,5.0,5.0,3.0,4.0,4.0,2.0,0.0,0.0,1.0,0.0,4.0
FAP__0002,FAP_adipo,6.0,2.0,0.0,38.0,4.0,2.0,3.0,2.0,3.0,47.0,4.0,3.0,4.0,3.0,2.0,1.0,2.0,0.0,4.0,2.0,1.0,2.0,1.0,3.0,1.0,0.0,3.0,1.0,0.0,0.0,4.0,1.0,6.0,2.0,1.0,3.0,1.0,3.0,2.0,3.0,3.0,3.0,3.0,1.0,2.0,5.0,0.0,2.0,5.0,1.0,1.0,5.0,3.0,3.0,0.0,1.0,0.0,2.0,1.0,1.0,1.0,0.0,1.0,1.0,5.0,3.0,7.0,1.0,0.0,2.0,1.0,0.0,3.0,1.0,0.0,2.0,0.0,2.0,1.0,4.0,3.0,2.0,0.0,5.0,2.0,2.0,3.0,2.0,0.0,4.0,1.0,2.0,2.0,4.0,5.0,1.0,2.0,1.0,2.0,1.0
FAP__0003,FAP_adipo,4.0,2.0,3.0,40.0,2.0,4.0,2.0,4.0,1.0,43.0,3.0,0.0,2.0,1.0,3.0,4.0,2.0,0.0,1.0,1.0,1.0,2.0,1.0,0.0,0.0,2.0,1.0,2.0,1.0,1.0,1.0,1.0,0.0,1.0,2.0,2.0,1.0,1.0,3.0,0.0,2.0,0.0,2.0,2.0,0.0,2.0,0.0,1.0,3.0,2.0,1.0,2.0,5.0,0.0,4.0,2.0,3.0,2.0,3.0,1.0,2.0,4.0,3.0,3.0,1.0,2.0,3.0,3.0,2.0,3.0,3.0,2.0,3.0,0.0,3.0,1.0,3.0,2.0,2.0,2.0,2.0,0.0,3.0,2.0,1.0,0.0,5.0,1.0,2.0,4.0,3.0,0.0,1.0,0.0,2.0,3.0,3.0,2.0,2.0,3.0
FAP__0004,FAP_adipo,1.0,2.0,4.0,36.0,1.0,1.0,4.0,2.0,1.0,46.0,0.0,4.0,2.0,3.0,1.0,2.0,3.0,0.0,4.0,2.0,0.0,1.0,1.0,2.0,1.0,1.0,1.0,3.0,2.0,1.0,2.0,3.0,2.0,1.0,1.0,4.0,1.0,1.0,2.0,1.0,1.0,4.0,2.0,4.0,1.0,4.0,4.0,0.0,0.0,3.0,0.0,1.0,4.0,3.0,5.0,0.0,0.0,2.0,4.0,1.0,0.0,4.0,1.0,2.0,3.0,3.0,2.0,1.0,2.0,1.0,1.0,5.0,1.0,2.0,1.0,0.0,1.0,2.0,1.0,0.0,1.0,5.0,4.0,1.0,1.0,1.0,3.0,4.0,4.0,1.0,0.0,1.0,2.0,1.0,2.0,0.0,2.0,2.0,4.0,3.0
FAP__0005,FAP_adipo,5.0,5.0,3.0,42.0,0.0,1.0,2.0,2.0,2.0,40.0,3.0,4.0,1.0,2.0,3.0,3.0,2.0,3.0,2.0,2.0,1.0,4.0,2.0,3.0,2.0,1.0,2.0,1.0,4.0,2.0,2.0,2.0,2.0,3.0,1.0,3.0,3.0,2.0,2.0,0.0,2.0,2.0,1.0,3.0,2.0,3.0,2.0,3.0,2.0,3.0,0.0,2.0,0.0,5.0,2.0,2.0,4.0,1.0,1.0,2.0,5.0,0.0,0.0,2.0,2.0,3.0,1.0,0.0,1.0,4.0,1.0,8.0,0.0,2.0,3.0,2.0,0.0,2.0,0.0,0.0,2.0,1.0,0.0,4.0,1.0,3.0,0.0,3.0,2.0,1.0,1.0,1.0,0.0,4.0,4.0,3.0,1.0,2.0,3.0,4.0
FAP__0006,FAP_adipo,0.0,1.0,3.0,46.0,0.0,2.0,1.0,4.0,3.0,41.0,3.0,0.0,2.0,0.0,2.0,4.0,2.0,0.0,3.0,0.0,1.0,2.0,2.0,2.0,2.0,2.0,2.0,1.0,0.0,4.0,2.0,1.0,3.0,4.0,3.0,1.0,6.0,1.0,2.0,1.0,1.0,1.0,2.0,3.0,2.0,3.0,0.0,1.0,3.0,2.0,4.0,2.0,3.0,2.0,2.0,2.0,2.0,6.0,0.0,1.0,3.0,1.0,2.0,1.0,1.0,3.0,2.0,1.0,3.0,3.0,1.0,2.0,4.0,0.0,2.0,4.0,3.0,2.0,0.0,2.0,2.0,0.0,1.0,2.0,3.0,2.0,3.0,1.0,2.0,4.0,1.0,2.0,1.0,1.0,5.0,1.0,3.0,1.0,1.0,1.0
FAP__0007,FAP_adipo,3.0,1.0,1.0,47.0,3.0,0.0,3.0,4.0,0.0,41.0,3.0,3.0,1.0,3.0,2.0,3.0,4.0,2.0,3.0,1.0,1.0,3.0,4.0,1.0,3.0,4.0,1.0,1.0,0.0,1.0,3.0,0.0,1.0,0.0,2.0,1.0,4.0,1.0,0.0,1.0,3.0,2.0,1.0,1.0,1.0,0.0,2.0,2.0,2.0,2.0,5.0,2.0,0.0,0.0,2.0,1.0,4.0,4.0,2.0,1.0,1.0,3.0,1.0,4.0,2.0,3.0,1.0,2.0,3.0,4.0,2.0,3.0,0.0,1.0,2.0,0.0,1.0,4.0,3.0,2.0,1.0,1.0,2.0,2.0,0.0,2.0,2.0,4.0,1.0,4.0,1.0,4.0,1.0,3.0,2.0,3.0,1.0,0.0,1.0,0.0
FAP__0008,FAP_adipo,3.0,5.0,1.0,43.0,0.0,1.0,0.0,0.0,2.0,47.0,2.0,3.0,1.0,1.0,7.0,4.0,0.0,2.0,2.0,3.0,3.0,6.0,0.0,2.0,2.0,3.0,1.0,1.0,4.0,3.0,2.0,2.0,0.0,4.0,3.0,2.0,1.0,0.0,2.0,4.0,5.0,1.0,1.0,0.0,1.0,0.0,3.0,1.0,3.0,0.0,1.0,4.0,2.0,3.0,0.0,2.0,1.0,0.0,3.0,6.0,2.0,0.0,1.0,2.0,4.0,4.0,2.0,3.0,1.0,2.0,0.0,3.0,6.0,1.0,1.0,3.0,1.0,2.0,1.0,1.0,4.0,3.0,2.0,2.0,3.0,3.0,5.0,1.0,0.0,2.0,2.0,1.0,2.0,0.0,5.0,5.0,2.0,1.0,1.0,1.0
FAP__0009,FAP_adipo,1.0,2.0,1.0,37.0,0.0,0.0,0.0,0.0,0.0,42.0,3.0,2.0,3.0,0.0,2.0,1.0,2.0,3.0,2.0,0.0,4.0,3.0,1.0,2.0,3.0,2.0,1.0,2.0,1.0,1.0,2.0,3.0,1.0,2.0,2.0,0.0,0.0,2.0,3.0,6.0,6.0,1.0,4.0,1.0,2.0,0.0,4.0,1.0,2.0,3.0,1.0,2.0,3.0,2.0,1.0,1.0,1.0,4.0,4.0,3.0,2.0,1.0,3.0,2.0,0.0,2.0,1.0,2.0,4.0,3.0,4.0,0.0,3.0,1.0,0.0,3.0,3.0,2.0,4.0,2.0,2.0,7.0,4.0,2.0,1.0,6.0,3.0,1.0,1.0,2.0,1.0,3.0,2.0,5.0,0.0,3.0,3.0,3.0,2.0,2.0
FAP__0010,FAP_adipo,2.0,2.0,1.0,47.0,1.0,1.0,4.0,3.0,4.0,46.0,1.0,3.0,1.0,4.0,1.0,0.0,1.0,1.0,1.0,5.0,3.0,2.0,1.0,2.0,0.0,4.0,2.0,0.0,1.0,2.0,1.0,0.0,2.0,2.0,1.0,2.0,5.0,1.0,1.0,2.0,2.0,3.0,0.0,0.0,1.0,2.0,1.0,2.0,1.0,2.0,2.0,4.0,4.0,1.0,1.0,1.0,2.0,1.0,2.0,0.0,1.0,5.0,2.0,3.0,3.0,1.0,7.0,2.0,0.0,2.0,2.0,3.0,5.0,3.0,4.0,3.0,5.0,3.0,1.0,5.0,1.0,1.0,1.0,1.0,3.0,2.0,4.0,3.0,5.0,3.0,4.0,1.0,1.0,2.0,4.0,1.0,0.0,2.0,0.0,6.0
FAP__0011,FAP_adipo,1.0,2.0,3.0,38.0,2.0,3.0,5.0,1.0,6.0,43.0,3.0,3.0,3.0,2.0,2.0,2.0,0.0,2.0,2.0,4.0,0.0,2.0,3.0,1.0,2.0,0.0,2.0,1.0,2.0,3.0,0.0,1.0,4.0,2.0,7.0,2.0,1.0,0.0,1.0,6.0,2.0,1.0,0.0,2.0,1.0,1.0,1.0,1.0,5.0,2.0,2.0,3.0,1.0,3.0,2.0,0.0,1.0,2.0,1.0,1.0,6.0,6.0,4.0,2.0,4.0,3.0,0.0,3.0,2.0,2.0,1.0,3.0,4.0,0.0,2.0,2.0,1.0,2.0,6.0,3.0,2.0,2.0,2.0,2.0,1.0,0.0,2.0,2.0,4.0,3.0,0.0,1.0,2.0,2.0,1.0,2.0,2.0,6.0,3.0,2.0
FAP__0012,FAP_adipo,2.0,1.0,3.0,40.0,5.0,0.0,0.0,1.0,3.0,40.0,2.0,3.0,4.0,1.0,3.0,3.0,1.0,1.0,4.0,1.0,1.0,1.0,0.0,2.0,1.0,0.0,1.0,7.0,2.0,4.0,2.0,1.0,2.0,4.0,3.0,2.0,3.0,2.0,3.0,6.0,3.0,2.0,1.0,1.0,1.0,0.0,3.0,3.0,2.0,6.0,1.0,0.0,5.0,2.0,1.0,3.0,0.0,4.0,2.0,2.0,1.0,4.0,2.0,1.0,3.0,4.0,2.0,0.0,2.0,1.0,0.0,2.0,2.0,3.0,2.0,1.0,3.0,0.0,1.0,2.0,2.0,1.0,4.0,0.0,3.0,0.0,1.0,3.0,2.0,3.0,3.0,0.0,2.0,2.0,3.0,1.0,3.0,0.0,3.0,1.0
FAP__0013,FAP_adipo,1.0,4.0,2.0,40.0,6.0,4.0,2.0,3.0,3.0,42.0,2.0,0.0,1.0,3.0,1.0,2.0,4.0,2.0,4.0,0.0,2.0,2.0,1.0,1.0,4.0,0.0,1.0,1.0,2.0,3.0,4.0,1.0,2.0,2.0,0.0,1.0,2.0,2.0,1.0,2.0,1.0,4.0,1.0,5.0,1.0,1.0,1.0,3.0,3.0,2.0,3.0,2.0,1.0,2.0,2.0,2.0,4.0,2.0,2.0,2.0,1.0,1.0,0.0,2.0,2.0,1.0,1.0,2.0,3.0,5.0,2.0,1.0,0.0,3.0,4.0,2.0,2.0,4.0,3.0,0.0,2.0,2.0,2.0,1.0,0.0,4.0,4.0,2.0,1.0,5.0,3.0,3.0,4.0,0.0,1.0,2.0,4.0,2.0,3.0,2.0
FAP__0014,FAP_adipo,1.0,3.0,1.0,45.0,1.0,1.0,1.0,3.0,2.0,39.0,2.0,4.0,0.0,1.0,3.0,2.0,5.0,0.0,0.0,0.0,0.0,4.0,1.0,1.0,5.0,0.0,1.0,2.0,3.0,1.0,4.0,1.0,2.0,2.0,4.0,1.0,2.0,4.0,3.0,4.0,0.0,1.0,2.0,1.0,2.0,2.0,3.0,1.0,3.0,2.0,3.0,3.0,0.0,1.0,3.0,1.0,2.0,2.0,4.0,0.0,2.0,2.0,2.0,1.0,2.0,2.0,2.0,1.0,3.0,3.0,2.0,2.0,2.0,4.0,3.0,4.0,1.0,3.0,5.0,1.0,2.0,1.0,1.0,4.0,2.0,7.0,4.0,1.0,3.0,1.0,1.0,0.0,2.0,0.0,4.0,1.0,0.0,2.0,4.0,2.0
FAP__0015,FAP_adipo,1.0,2.0,2.0,34.0,1.0,2.0,1.0,4.0,2.0,43.0,4.0,2.0,0.0,0.0,6.0,1.0,1.0,0.0,0.0,1.0,4.0,2.0,1.0,3.0,0.0,1.0,1.0,1.0,1.0,2.0,1.0,2.0,6.0,2.0,2.0,2.0,0.0,4.0,3.0,1.0,1.0,3.0,1.0,3.0,1.0,5.0,2.0,3.0,5.0,1.0,2.0,1.0,1.0,2.0,2.0,1.0,1.0,0.0,0.0,1.0,4.0,2.0,2.0,1.0,1.0,0.0,2.0,2.0,2.0,2.0,0.0,0.0,2.0,3.0,3.0,1.0,2.0,1.0,4.0,3.0,5.0,3.0,1.0,2.0,0.0,1.0,2.0,4.0,5.0,1.0,1.0,1.0,5.0,2.0,3.0,0.0,1.0,2.0,2.0,4.0
FAP__0016,FAP_adipo,1.0,3.0,1.0,52.0,1.0,0.0,1.0,2.0,2.0,35.0,4.0,1.0,0.0,1.0,1.0,5.0,1.0,3.0,1.0,1.0,2.0,0.0,3.0,1.0,0.0,2.0,0.0,4.0,3.0,0.0,2.0,1.0,0.0,4.0,4.0,0.0,3.0,3.0,2.0,4.0,4.0,3.0,1.0,2.0,3.0,2.0,0.0,4.0,1.0,1.0,1.0,1.0,1.0,1.0,1.0,1.0,1.0,2.0,0.0,0.0,6.0,2.0,3.0,1.0,2.0,3.0,4.0,0.0,2.0,2.0,4.0,3.0,0.0,0.0,1.0,0.0,3.0,1.0,4.0,3.0,4.0,1.0,5.0,2.0,1.0,3.0,3.0,2.0,4.0,3.0,1.0,3.0,1.0,1.0,1.0,2.0,1.0,0.0,2.0,1.0
FAP__0017,FAP_adipo,2.0,1.0,0.0,40.0,3.0,2.0,3.0,3.0,2.0,43.0,2.0,2.0,1.0,2.0,1.0,3.0,2.0,0.0,4.0,2.0,1.0,1.0,1.0,0.0,1.0,5.0,1.0,1.0,1.0,2.0,1.0,2.0,2.0,2.0,3.0,3.0,6.0,2.0,2.0,2.0,0.0,1.0,4.0,0.0,0.0,1.0,3.0,1.0,1.0,3.0,0.0,3.0,2.0,1.0,0.0,0.0,2.0,0.0,0.0,3.0,3.0,1.0,1.0,3.0,3.0,3.0,5.0,3.0,1.0,5.0,2.0,3.0,2.0,3.0,5.0,3.0,1.0,4.0,2.0,2.0,3.0,3.0,1.0,4.0,0.0,0.0,2.0,2.0,2.0,1.0,0.0,4.0,2.0,1.0,1.0,5.0,2.0,3.0,5.0,4.0
FAP__0018,FAP_adipo,2.0,2.0,7.0,42.0,0.0,3.0,0.0,1.0,5.0,56.0,3.0,2.0,3.0,1.0,1.0,2.0,5.0,4.0,3.0,4.0,4.0,0.0,2.0,1.0,2.0,1.0,1.0,0.0,3.0,0.0,3.0,3.0,0.0,3.0,1.0,0.0,3.0,5.0,2.0,3.0,2.0,1.0,4.0,4.0,1.0,5.0,0.0,2.0,1.0,1.0,3.0,3.0,3.0,2.0,1.0,1.0,3.0,0.0,0.0,2.0,0.0,4.0,1.0,0.0,4.0,2.0,0.0,0.0,0.0,4.0,2.0,3.0,1.0,5.0,2.0,2.0,2.0,2.0,3.0,1.0,0.0,2.0,3.0,2.0,3.0,0.0,0.0,4.0,4.0,2.0,2.0,2.0,3.0,2.0,1.0,2.0,2.0,0.0,5.0,3.0
FAP__0019,FAP_adipo,5.0,2.0,3.0,43.0,0.0,2.0,3.0,2.0,0.0,49.0,1.0,0.0,3.0,3.0,0.0,1.0,3.0,2.0,5.0,2.0,5.0,1.0,1.0,2.0,7.0,2.0,1.0,1.0,0.0,4.0,2.0,3.0,1.0,3.0,2.0,4.0,2.0,5.0,0.0,1.0,2.0,0.0,2.0,0.0,1.0,2.0,1.0,2.0,4.0,4.0,3.0,2.0,1.0,2.0,4.0,2.0,1.0,1.0,3.0,3.0,1.0,4.0,4.0,2.0,2.0,1.0,2.0,2.0,1.0,0.0,1.0,0.0,2.0,4.0,0.0,1.0,2.0,5.0,3.0,3.0,0.0,2.0,2.0,2.0,0.0,1.0,2.0,1.0,4.0,3.0,0.0,5.0,1.0,1.0,2.0,2.0,2.0,3.0,2.0,2.0
FAP__0020,FAP_adipo,2.0,2.0,2.0,44.0,2.0,1.0,0.0,0.0,2.0,42.0,2.0,3.0,3.0,2.0,2.0,0.0,3.0,2.0,3.0,0.0,3.0,2.0,1.0,2.0,1.0,0.0,3.0,0.0,5.0,2.0,1.0,5.0,3.0,2.0,2.0,7.0,2.0,0.0,2.0,1.0,4.0,3.0,4.0,5.0,1.0,1.0,4.0,2.0,4.0,3.0,1.0,2.0,3.0,0.0,3.0,2.0,2.0,1.0,1.0,1.0,0.0,1.0,0.0,1.0,2.0,2.0,2.0,0.0,2.0,1.0,1.0,1.0,0.0,1.0,5.0,5.0,0.0,0.0,4.0,2.0,2.0,7.0,1.0,0.0,2.0,1.0,1.0,2.0,4.0,2.0,5.0,2.0,3.0,5.0,2.0,2.0,2.0,0.0,2.0,2.0
FAP__0021,FAP_adipo,4.0,3.0,4.0,54.0,2.0,0.0,7.0,4.0,3.0,54.0,3.0,2.0,3.0,4.0,1.0,2.0,2.0,0.0,3.0,3.0,2.0,2.0,1.0,2.0,1.0,3.0,1.0,1.0,1.0,2.0,6.0,3.0,4.0,1.0,2.0,1.0,2.0,1.0,1.0,3.0,1.0,1.0,0.0,2.0,0.0,4.0,2.0,4.0,2.0,3.0,3.0,2.0,2.0,3.0,1.0,2.0,2.0,0.0,5.0,3.0,1.0,1.0,0.0,2.0,1.0,2.0,0.0,1.0,3.0,2.0,3.0,0.0,2.0,0.0,0.0,4.0,0.0,3.0,2.0,3.0,1.0,5.0,1.0,3.0,2.0,4.0,2.0,4.0,2.0,1.0,2.0,2.0,1.0,0.0,4.0,2.0,2.0,6.0,4.0,3.0
FAP__0022,FAP_adipo,4.0,3.0,1.0,41.0,5.0,0.0,0.0,1.0,1.0,45.0,1.0,1.0,2.0,3.0,1.0,4.0,1.0,0.0,3.0,4.0,1.0,1.0,1.0,3.0,1.0,2.0,2.0,1.0,0.0,2.0,1.0,2.0,3.0,2.0,0.0,3.0,2.0,4.0,4.0,4.0,4.0,0.0,2.0,1.0,3.0,2.0,1.0,4.0,2.0,1.0,0.0,1.0,3.0,1.0,1.0,1.0,3.0,1.0,1.0,2.0,2.0,1.0,1.0,4.0,1.0,2.0,2.0,1.0,7.0,3.0,2.0,3.0,2.0,1.0,3.0,5.0,2.0,0.0,2.0,0.0,2.0,0.0,0.0,1.0,3.0,2.0,5.0,1.0,1.0,3.0,2.0,2.0,1.0,2.0,2.0,2.0,1.0,1.0,2.0,3.0
FAP__0023,FAP_adipo,3.0,1.0,0.0,42.0,0.0,0.0,1.0,1.0,1.0,38.0,0.0,4.0,1.0,1.0,3.0,0.0,0.0,3.0,0.0,4.0,2.0,3.0,4.0,0.0,2.0,0.0,1.0,2.0,2.0,2.0,3.0,2.0,2.0,1.0,0.0,2.0,0.0,3.0,5.0,1.0,3.0,1.0,4.0,1.0,3.0,5.0,2.0,1.0,2.0,3.0,3.0,4.0,0.0,3.0,1.0,0.0,0.0,3.0,3.0,4.0,1.0,6.0,0.0,0.0,2.0,2.0,2.0,1.0,0.0,2.0,3.0,2.0,2.0,1.0,1.0,1.0,1.0,1.0,2.0,3.0,6.0,3.0,2.0,2.0,3.0,1.0,4.0,1.0,0.0,1.0,1.0,1.0,1.0,5.0,1.0,0.0,3.0,1.0,1.0,2.0
FAP__0024,FAP_adipo,1.0,2.0,3.0,46.0,2.0,1.0,1.0,0.0,1.0,40.0,0.0,2.0,1.0,1.0,2.0,4.0,3.0,1.0,2.0,1.0,1.0,4.0,0.0,4.0,3.0,0.0,2.0,2.0,0.0,2.0,1.0,1.0,2.0,1.0,5.0,3.0,4.0,2.0,1.0,0.0,2.0,5.0,2.0,4.0,3.0,3.0,4.0,2.0,1.0,3.0,1.0,1.0,4.0,1.0,2.0,3.0,5.0,3.0,3.0,4.0,5.0,3.0,1.0,1.0,1.0,2.0,1.0,2.0,0.0,2.0,0.0,1.0,1.0,2.0,0.0,3.0,2.0,4.0,2.0,2.0,2.0,1.0,3.0,3.0,3.0,0.0,2.0,1.0,2.0,2.0,4.0,1.0,2.0,0.0,7.0,2.0,5.0,3.0,1.0,2.0
FAP__0025,FAP_adipo,1.0,1.0,3.0,50.0,1.0,4.0,4.0,5.0,4.0,44.0,4.0,4.0,1.0,3.0,3.0,1.0,2.0,3.0,2.0,1.0,1.0,3.0,1.0,1.0,4.0,2.0,3.0,1.0,3.0,0.0,3.0,2.0,1.0,1.0,1.0,2.0,2.0,3.0,2.0,3.0,2.0,2.0,2.0,2.0,4.0,1.0,2.0,2.0,1.0,0.0,1.0,7.0,1.0,0.0,3.0,3.0,0.0,2.0,0.0,4.0,2.0,0.0,3.0,2.0,1.0,3.0,2.0,2.0,0.0,3.0,2.0,5.0,0.0,1.0,1.0,1.0,0.0,1.0,3.0,1.0,0.0,2.0,1.0,1.0,2.0,0.0,3.0,2.0,0.0,2.0,2.0,5.0,0.0,1.0,0.0,0.0,1.0,4.0,1.0,3.0
FAP__0026,FAP_adipo,0.0,4.0,2.0,52.0,6.0,1.0,2.0,7.0,2.0,51.0,3.0,2.0,2.0,3.0,2.0,3.0,2.0,1.0,0.0,1.0,1.0,3.0,3.0,4.0,2.0,1.0,1.0,3.0,0.0,2.0,2.0,2.0,1.0,2.0,2.0,2.0,3.0,2.0,0.0,1.0,4.0,2.0,5.0,2.0,4.0,0.0,3.0,4.0,1.0,1.0,3.0,3.0,2.0,3.0,3.0,2.0,3.0,4.0,1.0,2.0,1.0,2.0,2.0,1.0,4.0,3.0,2.0,2.0,0.0,1.0,3.0,4.0,4.0,7.0,1.0,0.0,2.0,1.0,1.0,5.0,2.0,0.0,2.0,4.0,1.0,1.0,1.0,1.0,0.0,2.0,1.0,1.0,2.0,3.0,1.0,1.0,3.0,2.0,4.0,0.0
FAP__0027,FAP_adipo,3.0,1.0,2.0,31.0,0.0,4.0,1.0,0.0,2.0,39.0,4.0,2.0,3.0,5.0,1.0,2.0,2.0,3.0,3.0,5.0,4.0,1.0,1.0,4.0,1.0,2.0,3.0,0.0,2.0,3.0,2.0,1.0,3.0,3.0,5.0,2.0,0.0,3.0,1.0,1.0,5.0,1.0,4.0,0.0,2.0,1.0,2.0,3.0,2.0,4.0,1.0,1.0,2.0,1.0,1.0,1.0,3.0,2.0,2.0,0.0,0.0,2.0,2.0,3.0,4.0,0.0,4.0,2.0,1.0,0.0,2.0,0.0,1.0,0.0,1.0,5.0,2.0,3.0,0.0,3.0,3.0,2.0,2.0,1.0,1.0,2.0,3.0,2.0,5.0,3.0,3.0,0.0,0.0,4.0,1.0,1.0,0.0,6.0,4.0,2.0
FAP__0028,FAP_adipo,3.0,1.0,1.0,47.0,4.0,1.0,0.0,0.0,4.0,34.0,1.0,1.0,6.0,2.0,2.0,1.0,2.0,1.0,1.0,0.0,1.0,0.0,0.0,1.0,1.0,1.0,6.0,2.0,4.0,1.0,1.0,3.0,3.0,1.0,5.0,1.0,1.0,0.0,1.0,3.0,2.0,2.0,0.0,3.0,2.0,1.0,1.0,2.0,6.0,1.0,2.0,0.0,2.0,3.0,4.0,2.0,6.0,1.0,1.0,4.0,1.0,2.0,1.0,2.0,1.0,2.0,1.0,6.0,2.0,2.0,1.0,2.0,7.0,1.0,1.0,4.0,1.0,0.0,5.0,2.0,1.0,2.0,1.0,4.0,3.0,1.0,5.0,2.0,2.0,1.0,1.0,0.0,0.0,1.0,1.0,2.0,0.0,3.0,0.0,2.0
FAP__0029,FAP_adipo,2.0,0.0,1.0,43.0,2.0,2.0,0.0,6.0,2.0,43.0,2.0,2.0,2.0,4.0,2.0,1.0,2.0,0.0,3.0,4.0,1.0,3.0,1.0,0.0,0.0,1.0,1.0,1.0,4.0,1.0,2.0,2.0,0.0,1.0,2.0,1.0,0.0,3.0,1.0,4.0,5.0,2.0,2.0,1.0,2.0,4.0,3.0,4.0,0.0,2.0,1.0,2.0,4.0,2.0,3.0,3.0,1.0,5.0,4.0,1.0,2.0,3.0,3.0,1.0,3.0,1.0,1.0,1.0,2.0,3.0,1.0,0.0,0.0,1.0,3.0,2.0,3.0,3.0,3.0,1.0,1.0,3.0,2.0,4.0,1.0,0.0,2.0,4.0,0.0,0.0,4.0,0.0,2.0,0.0,0.0,0.0,1.0,2.0,4.0,3.0
FAP__0030,FAP_adipo,2.0,2.0,1.0,53.0,1.0,1.0,1.0,0.0,1.0,38.0,0.0,3.0,1.0,1.0,2.0,1.0,1.0,2.0,0.0,3.0,2.0,2.0,0.0,1.0,1.0,2.0,1.0,2.0,1.0,3.0,1.0,3.0,2.0,3.0,4.0,3.0,2.0,2.0,3.0,0.0,2.0,1.0,2.0,4.0,2.0,2.0,0.0,6.0,1.0,0.0,1.0,3.0,3.0,2.0,2.0,3.0,2.0,1.0,0.0,4.0,2.0,0.0,1.0,4.0,1.0,3.0,0.0,2.0,2.0,3.0,1.0,2.0,1.0,0.0,1.0,1.0,4.0,1.0,3.0,3.0,2.0,3.0,1.0,3.0,4.0,2.0,3.0,3.0,1.0,2.0,1.0,1.0,2.0,1.0,0.0,0.0,1.0,3.0,0.0,3.0
MACR_0001,Macrophage_M1,0.0,2.0,3.0,3.0,2.0,4.0,36.0,2.0,2.0,37.0,46.0,0.0,3.0,2.0,2.0,0.0,3.0,2.0,1.0,1.0,4.0,0.0,2.0,2.0,0.0,5.0,1.0,0.0,1.0,0.0,2.0,2.0,0.0,2.0,1.0,1.0,1.0,1.0,1.0,3.0,3.0,3.0,2.0,3.0,0.0,6.0,0.0,3.0,2.0,1.0,1.0,4.0,2.0,4.0,0.0,2.0,1.0,3.0,1.0,2.0,1.0,1.0,4.0,1.0,6.0,2.0,2.0,1.0,2.0,3.0,2.0,2.0,2.0,2.0,3.0,2.0,2.0,5.0,3.0,0.0,3.0,2.0,4.0,2.0,4.0,4.0,2.0,1.0,0.0,1.0,1.0,3.0,2.0,1.0,1.0,2.0,0.0,0.0,1.0,4.0
MACR_0002,Macrophage_M1,1.0,3.0,1.0,2.0,1.0,1.0,44.0,1.0,1.0,43.0,51.0,1.0,4.0,1.0,2.0,2.0,2.0,3.0,2.0,2.0,2.0,1.0,2.0,0.0,3.0,1.0,1.0,2.0,1.0,3.0,3.0,5.0,2.0,2.0,0.0,2.0,1.0,3.0,3.0,4.0,3.0,0.0,2.0,0.0,1.0,2.0,2.0,1.0,7.0,3.0,1.0,5.0,1.0,1.0,3.0,1.0,2.0,2.0,1.0,2.0,2.0,3.0,3.0,1.0,1.0,3.0,1.0,1.0,2.0,0.0,1.0,1.0,2.0,3.0,1.0,1.0,4.0,1.0,2.0,1.0,5.0,0.0,5.0,2.0,1.0,1.0,2.0,5.0,0.0,2.0,2.0,2.0,2.0,3.0,2.0,4.0,3.0,4.0,1.0,1.0
MACR_0003,Macrophage_M1,4.0,2.0,2.0,3.0,3.0,3.0,42.0,2.0,2.0,39.0,38.0,1.0,2.0,3.0,3.0,3.0,3.0,3.0,3.0,3.0,2.0,2.0,4.0,4.0,1.0,3.0,1.0,3.0,0.0,0.0,3.0,0.0,0.0,2.0,2.0,2.0,1.0,2.0,3.0,1.0,1.0,3.0,0.0,3.0,2.0,4.0,0.0,2.0,3.0,3.0,4.0,3.0,1.0,0.0,5.0,3.0,0.0,2.0,1.0,1.0,0.0,3.0,3.0,2.0,3.0,2.0,2.0,0.0,2.0,3.0,1.0,1.0,4.0,2.0,1.0,2.0,1.0,0.0,0.0,1.0,0.0,1.0,1.0,0.0,2.0,1.0,2.0,0.0,3.0,4.0,2.0,1.0,1.0,3.0,4.0,2.0,1.0,2.0,1.0,1.0
MACR_0004,Macrophage_M1,1.0,3.0,2.0,1.0,3.0,1.0,43.0,1.0,1.0,45.0,57.0,1.0,0.0,2.0,1.0,1.0,2.0,5.0,7.0,2.0,0.0,1.0,4.0,5.0,1.0,1.0,4.0,3.0,2.0,1.0,4.0,1.0,3.0,1.0,2.0,3.0,2.0,2.0,2.0,2.0,5.0,1.0,0.0,0.0,0.0,1.0,0.0,0.0,0.0,3.0,1.0,4.0,4.0,2.0,1.0,2.0,1.0,0.0,1.0,1.0,1.0,3.0,5.0,1.0,1.0,2.0,0.0,2.0,1.0,1.0,1.0,1.0,2.0,3.0,3.0,2.0,1.0,1.0,2.0,3.0,2.0,3.0,1.0,1.0,1.0,0.0,2.0,4.0,1.0,1.0,2.0,1.0,3.0,3.0,3.0,1.0,3.0,0.0,2.0,0.0
MACR_0005,Macrophage_M1,0.0,1.0,2.0,1.0,3.0,3.0,46.0,2.0,1.0,44.0,46.0,4.0,5.0,4.0,1.0,3.0,0.0,1.0,3.0,2.0,2.0,2.0,3.0,1.0,1.0,2.0,1.0,3.0,3.0,1.0,4.0,1.0,1.0,2.0,3.0,2.0,0.0,2.0,3.0,6.0,1.0,5.0,0.0,1.0,0.0,1.0,2.0,2.0,3.0,3.0,4.0,3.0,2.0,3.0,2.0,1.0,1.0,1.0,2.0,3.0,3.0,5.0,3.0,2.0,1.0,0.0,1.0,0.0,1.0,3.0,0.0,1.0,2.0,2.0,2.0,0.0,2.0,2.0,3.0,1.0,1.0,3.0,4.0,3.0,2.0,2.0,1.0,4.0,2.0,0.0,4.0,0.0,1.0,1.0,1.0,1.0,0.0,1.0,2.0,0.0
MACR_0006,Macrophage_M1,0.0,2.0,0.0,2.0,0.0,0.0,48.0,4.0,1.0,46.0,46.0,3.0,1.0,0.0,1.0,5.0,0.0,4.0,1.0,0.0,4.0,2.0,4.0,2.0,0.0,2.0,2.0,2.0,2.0,1.0,2.0,2.0,3.0,2.0,2.0,5.0,2.0,1.0,1.0,2.0,3.0,4.0,3.0,2.0,2.0,2.0,1.0,2.0,3.0,4.0,1.0,0.0,3.0,2.0,1.0,1.0,4.0,3.0,4.0,1.0,1.0,2.0,2.0,1.0,2.0,2.0,3.0,3.0,1.0,1.0,3.0,0.0,6.0,2.0,2.0,3.0,1.0,1.0,1.0,2.0,0.0,1.0,1.0,5.0,1.0,4.0,2.0,5.0,4.0,1.0,0.0,1.0,3.0,3.0,3.0,1.0,2.0,2.0,1.0,4.0
MACR_0007,Macrophage_M1,2.0,3.0,4.0,1.0,3.0,4.0,44.0,2.0,3.0,37.0,34.0,3.0,4.0,1.0,3.0,1.0,1.0,0.0,5.0,2.0,1.0,2.0,1.0,4.0,0.0,0.0,3.0,0.0,6.0,5.0,1.0,2.0,2.0,0.0,1.0,3.0,5.0,4.0,2.0,1.0,1.0,0.0,1.0,0.0,3.0,1.0,1.0,4.0,2.0,2.0,2.0,3.0,5.0,2.0,2.0,2.0,3.0,0.0,2.0,3.0,3.0,0.0,1.0,1.0,3.0,1.0,3.0,3.0,1.0,1.0,2.0,4.0,2.0,1.0,3.0,0.0,0.0,3.0,2.0,2.0,2.0,2.0,1.0,4.0,3.0,1.0,1.0,1.0,1.0,2.0,3.0,1.0,3.0,0.0,0.0,3.0,2.0,1.0,5.0,3.0
MACR_0008,Macrophage_M1,2.0,1.0,5.0,1.0,1.0,1.0,34.0,2.0,2.0,46.0,43.0,3.0,0.0,1.0,0.0,3.0,2.0,1.0,2.0,4.0,3.0,4.0,0.0,0.0,3.0,4.0,2.0,0.0,3.0,0.0,2.0,2.0,1.0,4.0,2.0,2.0,1.0,2.0,1.0,1.0,2.0,0.0,2.0,3.0,0.0,2.0,1.0,0.0,2.0,1.0,2.0,1.0,2.0,4.0,1.0,2.0,3.0,1.0,2.0,2.0,1.0,2.0,0.0,5.0,3.0,2.0,3.0,1.0,1.0,2.0,2.0,3.0,0.0,3.0,0.0,1.0,1.0,1.0,2.0,1.0,1.0,3.0,1.0,1.0,3.0,0.0,2.0,0.0,1.0,1.0,0.0,4.0,3.0,2.0,3.0,2.0,1.0,3.0,2.0,3.0
MACR_0009,Macrophage_M1,2.0,5.0,5.0,1.0,1.0,2.0,41.0,1.0,1.0,45.0,39.0,3.0,1.0,3.0,2.0,2.0,0.0,3.0,1.0,2.0,0.0,1.0,4.0,1.0,2.0,2.0,1.0,2.0,0.0,4.0,1.0,1.0,1.0,1.0,1.0,0.0,4.0,3.0,2.0,1.0,1.0,5.0,3.0,4.0,4.0,3.0,3.0,2.0,6.0,2.0,3.0,3.0,4.0,2.0,2.0,3.0,1.0,0.0,2.0,4.0,1.0,5.0,1.0,1.0,2.0,1.0,1.0,2.0,5.0,3.0,5.0,1.0,2.0,1.0,0.0,2.0,1.0,4.0,0.0,3.0,2.0,1.0,3.0,1.0,3.0,1.0,0.0,3.0,0.0,2.0,1.0,3.0,4.0,4.0,1.0,4.0,0.0,0.0,1.0,0.0
MACR_0010,Macrophage_M1,2.0,7.0,0.0,1.0,1.0,2.0,40.0,1.0,2.0,49.0,56.0,2.0,2.0,5.0,0.0,0.0,6.0,5.0,3.0,2.0,3.0,3.0,1.0,6.0,3.0,4.0,4.0,1.0,3.0,1.0,2.0,1.0,2.0,4.0,4.0,1.0,2.0,1.0,1.0,1.0,5.0,1.0,4.0,2.0,2.0,2.0,2.0,2.0,3.0,2.0,2.0,3.0,2.0,2.0,3.0,3.0,2.0,3.0,1.0,2.0,6.0,0.0,1.0,1.0,1.0,0.0,4.0,1.0,1.0,2.0,1.0,3.0,4.0,1.0,2.0,1.0,5.0,1.0,1.0,1.0,1.0,3.0,2.0,2.0,1.0,2.0,2.0,1.0,3.0,9.0,2.0,1.0,1.0,3.0,1.0,2.0,1.0,0.0,1.0,0.0
MACR_0011,Macrophage_M1,0.0,1.0,1.0,2.0,3.0,10.0,36.0,0.0,0.0,38.0,45.0,2.0,1.0,2.0,0.0,2.0,1.0,0.0,1.0,1.0,1.0,0.0,2.0,1.0,1.0,3.0,2.0,4.0,2.0,2.0,3.0,0.0,1.0,2.0,2.0,2.0,2.0,2.0,1.0,2.0,3.0,3.0,0.0,0.0,0.0,3.0,0.0,3.0,2.0,3.0,0.0,1.0,2.0,1.0,1.0,2.0,1.0,2.0,1.0,2.0,1.0,2.0,3.0,3.0,2.0,3.0,2.0,2.0,3.0,2.0,1.0,2.0,2.0,2.0,2.0,1.0,1.0,1.0,2.0,2.0,0.0,2.0,1.0,1.0,3.0,1.0,1.0,4.0,3.0,0.0,2.0,1.0,2.0,4.0,2.0,0.0,1.0,0.0,3.0,2.0
MACR_0012,Macrophage_M1,3.0,6.0,1.0,1.0,2.0,2.0,43.0,1.0,2.0,40.0,48.0,0.0,2.0,4.0,2.0,0.0,2.0,1.0,4.0,2.0,2.0,2.0,2.0,1.0,2.0,4.0,4.0,1.0,3.0,4.0,1.0,1.0,1.0,3.0,3.0,1.0,2.0,2.0,3.0,1.0,2.0,1.0,0.0,4.0,0.0,2.0,2.0,4.0,5.0,0.0,2.0,5.0,5.0,0.0,2.0,1.0,0.0,2.0,1.0,2.0,9.0,1.0,3.0,3.0,3.0,3.0,1.0,2.0,2.0,2.0,1.0,0.0,2.0,4.0,1.0,2.0,1.0,2.0,2.0,0.0,2.0,4.0,2.0,0.0,1.0,4.0,3.0,3.0,0.0,3.0,2.0,2.0,2.0,0.0,5.0,1.0,0.0,1.0,5.0,1.0
MACR_0013,Macrophage_M1,2.0,2.0,3.0,1.0,1.0,0.0,51.0,0.0,2.0,33.0,50.0,1.0,1.0,0.0,2.0,1.0,2.0,1.0,5.0,0.0,1.0,0.0,2.0,0.0,6.0,3.0,1.0,1.0,1.0,3.0,2.0,1.0,1.0,5.0,6.0,4.0,1.0,5.0,4.0,6.0,0.0,2.0,2.0,2.0,2.0,3.0,5.0,1.0,2.0,4.0,2.0,2.0,3.0,6.0,4.0,3.0,1.0,3.0,3.0,4.0,0.0,2.0,3.0,0.0,1.0,3.0,4.0,4.0,3.0,2.0,4.0,0.0,3.0,2.0,0.0,4.0,3.0,0.0,2.0,3.0,2.0,2.0,1.0,1.0,2.0,1.0,4.0,4.0,2.0,1.0,2.0,0.0,0.0,1.0,3.0,4.0,3.0,0.0,2.0,1.0
MACR_0014,Macrophage_M1,0.0,0.0,2.0,2.0,0.0,2.0,44.0,0.0,3.0,55.0,48.0,1.0,2.0,1.0,2.0,1.0,3.0,1.0,0.0,2.0,1.0,4.0,1.0,1.0,0.0,3.0,4.0,3.0,2.0,2.0,0.0,0.0,3.0,3.0,1.0,3.0,0.0,2.0,2.0,2.0,4.0,2.0,2.0,1.0,3.0,1.0,5.0,4.0,0.0,1.0,1.0,1.0,2.0,2.0,3.0,1.0,2.0,0.0,2.0,1.0,1.0,2.0,2.0,2.0,4.0,0.0,4.0,3.0,2.0,1.0,2.0,4.0,2.0,2.0,3.0,3.0,2.0,2.0,6.0,0.0,2.0,2.0,0.0,1.0,3.0,3.0,4.0,2.0,1.0,6.0,1.0,1.0,0.0,0.0,1.0,1.0,1.0,2.0,2.0,2.0
MACR_0015,Macrophage_M1,5.0,1.0,3.0,3.0,3.0,2.0,52.0,2.0,2.0,46.0,50.0,0.0,1.0,3.0,2.0,1.0,3.0,3.0,2.0,0.0,1.0,4.0,2.0,1.0,1.0,2.0,4.0,3.0,1.0,3.0,3.0,4.0,0.0,3.0,1.0,2.0,1.0,3.0,0.0,2.0,0.0,2.0,4.0,3.0,1.0,2.0,5.0,1.0,1.0,0.0,0.0,0.0,0.0,5.0,2.0,2.0,2.0,3.0,3.0,1.0,2.0,2.0,2.0,3.0,1.0,0.0,2.0,0.0,4.0,2.0,1.0,1.0,2.0,2.0,0.0,1.0,1.0,1.0,3.0,1.0,4.0,3.0,3.0,0.0,3.0,1.0,4.0,2.0,3.0,1.0,4.0,2.0,1.0,2.0,1.0,1.0,1.0,1.0,3.0,1.0
MACR_0016,Macrophage_M1,0.0,1.0,1.0,0.0,2.0,3.0,55.0,2.0,5.0,45.0,43.0,2.0,3.0,3.0,0.0,4.0,0.0,5.0,4.0,1.0,0.0,0.0,4.0,3.0,2.0,1.0,3.0,1.0,2.0,1.0,2.0,2.0,3.0,3.0,0.0,0.0,6.0,0.0,0.0,3.0,1.0,2.0,1.0,2.0,1.0,5.0,1.0,1.0,1.0,1.0,3.0,2.0,3.0,1.0,2.0,5.0,2.0,3.0,5.0,1.0,0.0,3.0,5.0,3.0,2.0,2.0,7.0,5.0,1.0,1.0,3.0,0.0,1.0,4.0,3.0,1.0,1.0,4.0,1.0,3.0,1.0,4.0,2.0,1.0,2.0,1.0,1.0,1.0,2.0,0.0,6.0,5.0,1.0,4.0,2.0,1.0,1.0,2.0,1.0,0.0
MACR_0017,Macrophage_M1,1.0,0.0,1.0,4.0,1.0,2.0,50.0,3.0,5.0,42.0,38.0,3.0,0.0,4.0,2.0,2.0,3.0,2.0,4.0,5.0,1.0,2.0,3.0,2.0,2.0,4.0,3.0,2.0,0.0,2.0,1.0,1.0,1.0,2.0,4.0,2.0,0.0,3.0,4.0,4.0,3.0,1.0,3.0,1.0,2.0,3.0,2.0,2.0,2.0,3.0,1.0,0.0,1.0,1.0,3.0,2.0,0.0,2.0,0.0,1.0,1.0,2.0,2.0,2.0,3.0,1.0,4.0,1.0,1.0,3.0,1.0,1.0,2.0,5.0,3.0,2.0,3.0,0.0,4.0,0.0,3.0,4.0,5.0,1.0,1.0,1.0,4.0,5.0,2.0,4.0,3.0,4.0,0.0,1.0,7.0,0.0,0.0,2.0,1.0,7.0
MACR_0018,Macrophage_M1,4.0,3.0,1.0,1.0,0.0,1.0,45.0,1.0,2.0,42.0,47.0,0.0,2.0,3.0,2.0,0.0,5.0,1.0,1.0,2.0,2.0,3.0,3.0,3.0,1.0,2.0,2.0,4.0,1.0,0.0,3.0,2.0,2.0,1.0,0.0,1.0,5.0,1.0,6.0,3.0,1.0,1.0,1.0,2.0,1.0,1.0,1.0,1.0,3.0,2.0,1.0,1.0,1.0,2.0,4.0,2.0,2.0,0.0,3.0,5.0,0.0,1.0,3.0,0.0,0.0,2.0,1.0,1.0,1.0,0.0,2.0,2.0,1.0,3.0,2.0,1.0,4.0,1.0,3.0,0.0,3.0,1.0,2.0,4.0,0.0,0.0,5.0,2.0,1.0,1.0,4.0,2.0,2.0,3.0,0.0,1.0,6.0,2.0,2.0,1.0
MACR_0019,Macrophage_M1,1.0,0.0,1.0,3.0,4.0,1.0,47.0,3.0,1.0,36.0,45.0,1.0,2.0,3.0,1.0,2.0,4.0,2.0,2.0,1.0,3.0,0.0,1.0,1.0,2.0,1.0,3.0,2.0,0.0,4.0,3.0,3.0,1.0,1.0,4.0,1.0,2.0,0.0,1.0,3.0,0.0,1.0,1.0,0.0,3.0,3.0,4.0,2.0,2.0,3.0,3.0,3.0,6.0,1.0,1.0,1.0,4.0,2.0,2.0,2.0,2.0,1.0,1.0,3.0,0.0,2.0,4.0,1.0,2.0,2.0,3.0,4.0,2.0,1.0,0.0,4.0,4.0,2.0,1.0,1.0,2.0,1.0,1.0,1.0,1.0,1.0,1.0,2.0,3.0,3.0,2.0,2.0,3.0,0.0,1.0,1.0,2.0,2.0,1.0,4.0
MACR_0020,Macrophage_M1,0.0,1.0,0.0,1.0,4.0,2.0,45.0,3.0,1.0,47.0,41.0,1.0,2.0,3.0,1.0,3.0,1.0,6.0,4.0,3.0,2.0,2.0,2.0,2.0,3.0,1.0,2.0,1.0,0.0,1.0,2.0,2.0,1.0,1.0,1.0,3.0,0.0,2.0,2.0,5.0,1.0,0.0,2.0,2.0,2.0,2.0,4.0,2.0,2.0,3.0,3.0,3.0,1.0,1.0,1.0,2.0,2.0,2.0,0.0,2.0,1.0,2.0,1.0,1.0,1.0,1.0,1.0,1.0,3.0,2.0,1.0,3.0,3.0,0.0,3.0,0.0,0.0,2.0,1.0,1.0,2.0,1.0,3.0,0.0,3.0,4.0,1.0,0.0,2.0,2.0,1.0,3.0,0.0,1.0,1.0,6.0,1.0,1.0,2.0,1.0
MACR_0021,Macrophage_M1,3.0,3.0,2.0,4.0,3.0,6.0,36.0,1.0,1.0,47.0,38.0,4.0,3.0,3.0,3.0,2.0,1.0,1.0,0.0,3.0,1.0,2.0,1.0,4.0,0.0,1.0,0.0,3.0,1.0,0.0,1.0,0.0,2.0,3.0,1.0,2.0,1.0,5.0,0.0,4.0,4.0,3.0,3.0,1.0,4.0,1.0,1.0,3.0,3.0,4.0,0.0,0.0,2.0,2.0,0.0,3.0,2.0,3.0,1.0,3.0,5.0,3.0,4.0,2.0,2.0,2.0,3.0,3.0,3.0,2.0,0.0,3.0,4.0,4.0,0.0,2.0,0.0,1.0,1.0,3.0,2.0,1.0,0.0,0.0,2.0,3.0,2.0,2.0,1.0,1.0,1.0,0.0,2.0,2.0,0.0,2.0,2.0,3.0,0.0,1.0
MACR_0022,Macrophage_M1,3.0,2.0,3.0,4.0,1.0,2.0,37.0,2.0,0.0,46.0,38.0,2.0,3.0,2.0,1.0,3.0,2.0,4.0,2.0,2.0,2.0,1.0,2.0,2.0,0.0,2.0,0.0,4.0,1.0,3.0,3.0,0.0,3.0,2.0,3.0,1.0,2.0,2.0,1.0,3.0,2.0,1.0,2.0,2.0,1.0,3.0,1.0,1.0,0.0,2.0,5.0,3.0,0.0,4.0,0.0,2.0,1.0,0.0,6.0,3.0,0.0,0.0,3.0,2.0,2.0,3.0,1.0,1.0,3.0,1.0,1.0,0.0,3.0,4.0,1.0,4.0,0.0,0.0,1.0,2.0,2.0,1.0,5.0,3.0,2.0,3.0,4.0,1.0,0.0,3.0,1.0,2.0,3.0,1.0,2.0,2.0,2.0,2.0,3.0,2.0
MACR_0023,Macrophage_M1,0.0,3.0,1.0,3.0,0.0,2.0,46.0,1.0,2.0,44.0,48.0,2.0,1.0,1.0,2.0,0.0,5.0,3.0,3.0,0.0,1.0,0.0,0.0,3.0,1.0,2.0,1.0,0.0,4.0,2.0,3.0,0.0,1.0,3.0,2.0,5.0,0.0,2.0,0.0,5.0,0.0,6.0,0.0,2.0,2.0,3.0,3.0,1.0,5.0,3.0,0.0,1.0,4.0,3.0,2.0,2.0,4.0,1.0,2.0,0.0,2.0,2.0,4.0,0.0,3.0,3.0,1.0,1.0,0.0,2.0,2.0,0.0,2.0,2.0,4.0,1.0,4.0,0.0,3.0,2.0,2.0,0.0,2.0,1.0,1.0,2.0,2.0,3.0,1.0,3.0,4.0,2.0,1.0,2.0,3.0,2.0,2.0,4.0,2.0,3.0
MACR_0024,Macrophage_M1,1.0,4.0,1.0,1.0,3.0,0.0,44.0,3.0,1.0,36.0,35.0,3.0,3.0,2.0,2.0,2.0,2.0,1.0,1.0,1.0,0.0,2.0,1.0,3.0,2.0,2.0,0.0,1.0,2.0,2.0,1.0,1.0,2.0,3.0,2.0,1.0,5.0,2.0,1.0,1.0,3.0,2.0,2.0,1.0,1.0,3.0,3.0,4.0,2.0,1.0,2.0,0.0,1.0,4.0,3.0,1.0,2.0,1.0,1.0,3.0,3.0,4.0,1.0,2.0,0.0,0.0,1.0,2.0,2.0,2.0,3.0,2.0,4.0,3.0,1.0,2.0,0.0,1.0,1.0,0.0,3.0,7.0,1.0,2.0,2.0,1.0,3.0,3.0,1.0,3.0,3.0,1.0,4.0,3.0,1.0,2.0,1.0,3.0,1.0,1.0
MACR_0025,Macrophage_M1,2.0,4.0,2.0,1.0,3.0,0.0,40.0,3.0,0.0,43.0,40.0,3.0,0.0,4.0,4.0,1.0,3.0,1.0,1.0,3.0,3.0,0.0,3.0,2.0,0.0,1.0,2.0,1.0,5.0,2.0,1.0,2.0,2.0,0.0,3.0,2.0,0.0,3.0,4.0,5.0,1.0,3.0,3.0,0.0,1.0,2.0,2.0,3.0,2.0,1.0,1.0,1.0,0.0,0.0,2.0,1.0,3.0,3.0,3.0,0.0,5.0,4.0,1.0,0.0,3.0,2.0,4.0,2.0,3.0,2.0,1.0,2.0,0.0,2.0,1.0,2.0,2.0,1.0,2.0,1.0,1.0,4.0,3.0,1.0,2.0,2.0,2.0,1.0,2.0,2.0,3.0,1.0,1.0,2.0,0.0,1.0,3.0,2.0,1.0,1.0
ENDO_0001,Endothelial,2.0,1.0,5.0,2.0,3.0,1.0,2.0,43.0,2.0,3.0,0.0,2.0,2.0,1.0,1.0,3.0,2.0,0.0,2.0,1.0,4.0,2.0,2.0,1.0,2.0,1.0,0.0,0.0,1.0,1.0,0.0,1.0,4.0,1.0,1.0,1.0,0.0,1.0,0.0,4.0,0.0,1.0,1.0,0.0,2.0,2.0,3.0,2.0,2.0,3.0,1.0,0.0,2.0,3.0,4.0,5.0,0.0,2.0,3.0,2.0,3.0,2.0,2.0,3.0,5.0,3.0,2.0,1.0,6.0,2.0,1.0,2.0,1.0,2.0,0.0,2.0,1.0,1.0,0.0,3.0,2.0,0.0,2.0,5.0,0.0,0.0,5.0,1.0,1.0,2.0,2.0,1.0,4.0,1.0,2.0,1.0,4.0,2.0,2.0,0.0
ENDO_0002,Endothelial,1.0,1.0,3.0,2.0,2.0,0.0,2.0,50.0,2.0,3.0,2.0,5.0,2.0,0.0,5.0,2.0,4.0,1.0,3.0,0.0,0.0,2.0,2.0,2.0,3.0,1.0,2.0,2.0,2.0,1.0,3.0,0.0,3.0,0.0,2.0,2.0,2.0,1.0,1.0,4.0,0.0,5.0,3.0,1.0,1.0,0.0,3.0,1.0,2.0,4.0,2.0,2.0,1.0,1.0,3.0,2.0,1.0,3.0,1.0,4.0,1.0,1.0,2.0,3.0,3.0,4.0,0.0,4.0,2.0,4.0,2.0,3.0,2.0,2.0,4.0,1.0,0.0,2.0,0.0,4.0,0.0,3.0,1.0,3.0,5.0,3.0,3.0,1.0,2.0,1.0,2.0,1.0,2.0,2.0,2.0,1.0,3.0,1.0,2.0,1.0
ENDO_0003,Endothelial,0.0,1.0,1.0,3.0,0.0,1.0,4.0,42.0,0.0,3.0,3.0,2.0,1.0,2.0,0.0,1.0,2.0,1.0,1.0,0.0,2.0,6.0,4.0,0.0,2.0,2.0,2.0,0.0,1.0,2.0,4.0,1.0,3.0,2.0,2.0,2.0,2.0,4.0,0.0,2.0,2.0,0.0,3.0,1.0,1.0,1.0,3.0,2.0,1.0,0.0,0.0,4.0,2.0,2.0,3.0,3.0,2.0,3.0,1.0,2.0,3.0,1.0,2.0,0.0,2.0,0.0,0.0,2.0,5.0,1.0,2.0,3.0,2.0,0.0,6.0,2.0,0.0,2.0,1.0,3.0,6.0,2.0,4.0,3.0,2.0,1.0,2.0,0.0,2.0,3.0,3.0,2.0,2.0,2.0,1.0,1.0,3.0,0.0,2.0,1.0
ENDO_0004,Endothelial,3.0,3.0,4.0,3.0,2.0,2.0,3.0,44.0,3.0,1.0,4.0,2.0,6.0,1.0,2.0,3.0,1.0,3.0,4.0,3.0,2.0,2.0,2.0,2.0,3.0,1.0,2.0,3.0,1.0,2.0,1.0,2.0,2.0,5.0,2.0,6.0,1.0,5.0,0.0,1.0,4.0,1.0,2.0,6.0,2.0,4.0,1.0,1.0,3.0,1.0,3.0,5.0,5.0,5.0,3.0,0.0,2.0,4.0,2.0,3.0,1.0,2.0,4.0,0.0,1.0,2.0,2.0,2.0,1.0,3.0,2.0,1.0,1.0,2.0,2.0,1.0,5.0,2.0,4.0,1.0,1.0,3.0,3.0,2.0,5.0,2.0,2.0,2.0,2.0,1.0,1.0,1.0,4.0,3.0,1.0,2.0,1.0,3.0,1.0,3.0
ENDO_0005,Endothelial,5.0,5.0,3.0,1.0,3.0,3.0,3.0,48.0,2.0,2.0,5.0,2.0,3.0,2.0,3.0,2.0,0.0,2.0,1.0,2.0,1.0,5.0,2.0,5.0,0.0,2.0,4.0,1.0,1.0,1.0,3.0,3.0,0.0,1.0,2.0,2.0,0.0,2.0,3.0,4.0,0.0,0.0,2.0,4.0,1.0,3.0,2.0,3.0,3.0,1.0,1.0,1.0,3.0,4.0,0.0,2.0,0.0,2.0,1.0,1.0,3.0,2.0,5.0,2.0,0.0,2.0,5.0,9.0,3.0,3.0,0.0,4.0,0.0,2.0,3.0,1.0,0.0,1.0,1.0,1.0,3.0,4.0,3.0,2.0,3.0,1.0,4.0,3.0,5.0,2.0,2.0,3.0,2.0,3.0,4.0,1.0,2.0,0.0,2.0,4.0
ENDO_0006,Endothelial,2.0,0.0,0.0,1.0,0.0,0.0,0.0,40.0,4.0,2.0,1.0,1.0,3.0,2.0,2.0,6.0,1.0,0.0,4.0,3.0,2.0,2.0,1.0,2.0,2.0,3.0,3.0,4.0,3.0,2.0,5.0,1.0,0.0,7.0,1.0,0.0,2.0,2.0,1.0,4.0,1.0,2.0,2.0,5.0,2.0,3.0,1.0,1.0,4.0,1.0,2.0,0.0,4.0,1.0,1.0,1.0,4.0,3.0,4.0,2.0,1.0,1.0,0.0,3.0,3.0,0.0,2.0,0.0,3.0,1.0,1.0,0.0,0.0,2.0,1.0,2.0,1.0,1.0,2.0,1.0,3.0,2.0,0.0,2.0,2.0,2.0,3.0,2.0,2.0,1.0,1.0,0.0,1.0,3.0,1.0,1.0,1.0,1.0,0.0,2.0
ENDO_0007,Endothelial,0.0,1.0,3.0,1.0,3.0,2.0,1.0,55.0,1.0,2.0,2.0,4.0,2.0,2.0,3.0,2.0,2.0,2.0,1.0,0.0,1.0,2.0,1.0,2.0,1.0,2.0,3.0,2.0,3.0,4.0,1.0,2.0,3.0,0.0,1.0,4.0,0.0,2.0,1.0,0.0,3.0,0.0,2.0,5.0,1.0,5.0,1.0,3.0,4.0,2.0,0.0,0.0,2.0,4.0,2.0,3.0,3.0,1.0,1.0,1.0,2.0,5.0,2.0,3.0,3.0,1.0,0.0,3.0,4.0,1.0,0.0,0.0,4.0,4.0,2.0,1.0,4.0,1.0,6.0,5.0,1.0,1.0,4.0,3.0,2.0,3.0,0.0,2.0,2.0,0.0,4.0,4.0,1.0,2.0,2.0,2.0,1.0,2.0,1.0,0.0
ENDO_0008,Endothelial,1.0,2.0,2.0,0.0,3.0,3.0,1.0,54.0,5.0,4.0,2.0,1.0,2.0,2.0,1.0,2.0,2.0,3.0,4.0,2.0,1.0,4.0,2.0,2.0,2.0,1.0,0.0,3.0,2.0,0.0,1.0,1.0,1.0,0.0,1.0,0.0,2.0,1.0,4.0,0.0,1.0,3.0,3.0,1.0,2.0,1.0,1.0,2.0,3.0,6.0,3.0,3.0,5.0,3.0,3.0,3.0,2.0,1.0,2.0,4.0,2.0,4.0,4.0,4.0,2.0,3.0,1.0,1.0,4.0,3.0,0.0,1.0,1.0,1.0,2.0,0.0,0.0,3.0,1.0,2.0,0.0,2.0,0.0,1.0,1.0,2.0,3.0,2.0,2.0,4.0,0.0,3.0,2.0,1.0,1.0,3.0,2.0,1.0,2.0,3.0
ENDO_0009,Endothelial,1.0,3.0,2.0,2.0,3.0,1.0,2.0,44.0,1.0,2.0,2.0,3.0,2.0,1.0,0.0,1.0,2.0,1.0,2.0,1.0,2.0,3.0,1.0,3.0,3.0,1.0,4.0,2.0,4.0,2.0,2.0,4.0,2.0,1.0,3.0,5.0,1.0,1.0,1.0,1.0,0.0,4.0,2.0,5.0,2.0,6.0,1.0,0.0,3.0,0.0,0.0,2.0,2.0,0.0,1.0,2.0,2.0,3.0,2.0,3.0,4.0,3.0,2.0,3.0,2.0,2.0,1.0,0.0,1.0,2.0,2.0,0.0,2.0,0.0,2.0,2.0,0.0,1.0,0.0,0.0,1.0,1.0,2.0,5.0,3.0,1.0,2.0,4.0,4.0,3.0,1.0,4.0,0.0,1.0,4.0,1.0,0.0,3.0,2.0,2.0
ENDO_0010,Endothelial,1.0,4.0,4.0,3.0,2.0,5.0,1.0,46.0,1.0,2.0,4.0,1.0,2.0,3.0,4.0,0.0,3.0,5.0,0.0,3.0,0.0,2.0,1.0,2.0,0.0,0.0,1.0,2.0,1.0,0.0,2.0,3.0,2.0,3.0,2.0,1.0,1.0,1.0,0.0,1.0,2.0,1.0,1.0,1.0,0.0,2.0,1.0,2.0,2.0,2.0,2.0,2.0,1.0,0.0,2.0,2.0,1.0,0.0,2.0,2.0,2.0,1.0,1.0,1.0,2.0,1.0,5.0,3.0,3.0,1.0,5.0,2.0,2.0,3.0,1.0,0.0,3.0,1.0,1.0,1.0,2.0,2.0,2.0,2.0,2.0,3.0,1.0,3.0,1.0,3.0,3.0,3.0,1.0,3.0,4.0,2.0,2.0,3.0,2.0,2.0
ENDO_0011,Endothelial,1.0,0.0,1.0,0.0,0.0,2.0,4.0,47.0,3.0,3.0,2.0,1.0,1.0,5.0,5.0,2.0,4.0,1.0,2.0,2.0,2.0,1.0,1.0,1.0,2.0,2.0,1.0,3.0,2.0,1.0,2.0,0.0,5.0,2.0,1.0,1.0,2.0,3.0,0.0,1.0,2.0,0.0,0.0,1.0,2.0,1.0,1.0,5.0,6.0,0.0,3.0,3.0,2.0,1.0,1.0,3.0,1.0,2.0,0.0,3.0,0.0,3.0,2.0,1.0,3.0,4.0,1.0,0.0,1.0,2.0,3.0,2.0,2.0,2.0,2.0,4.0,4.0,0.0,2.0,2.0,0.0,3.0,2.0,3.0,5.0,2.0,6.0,4.0,1.0,3.0,3.0,3.0,5.0,1.0,1.0,2.0,1.0,1.0,0.0,1.0
ENDO_0012,Endothelial,2.0,3.0,4.0,1.0,1.0,2.0,4.0,49.0,5.0,3.0,2.0,1.0,4.0,0.0,1.0,3.0,2.0,3.0,4.0,3.0,1.0,2.0,2.0,4.0,3.0,2.0,4.0,1.0,0.0,1.0,2.0,1.0,1.0,2.0,1.0,0.0,2.0,2.0,2.0,1.0,2.0,3.0,2.0,1.0,0.0,1.0,2.0,0.0,1.0,2.0,3.0,1.0,3.0,1.0,4.0,2.0,4.0,3.0,0.0,0.0,1.0,3.0,1.0,1.0,2.0,3.0,2.0,1.0,4.0,1.0,1.0,0.0,1.0,2.0,1.0,2.0,2.0,2.0,1.0,3.0,0.0,1.0,2.0,1.0,1.0,2.0,4.0,3.0,4.0,1.0,2.0,1.0,3.0,5.0,4.0,5.0,1.0,1.0,1.0,1.0
ENDO_0013,Endothelial,5.0,2.0,2.0,5.0,1.0,2.0,0.0,42.0,1.0,1.0,1.0,1.0,2.0,1.0,2.0,1.0,3.0,4.0,2.0,3.0,4.0,1.0,4.0,1.0,0.0,4.0,2.0,2.0,1.0,5.0,4.0,1.0,2.0,3.0,4.0,4.0,4.0,3.0,2.0,0.0,0.0,2.0,3.0,3.0,3.0,1.0,0.0,2.0,2.0,2.0,1.0,1.0,2.0,5.0,2.0,3.0,2.0,1.0,1.0,2.0,2.0,2.0,2.0,1.0,1.0,3.0,1.0,1.0,6.0,3.0,4.0,1.0,2.0,3.0,1.0,3.0,0.0,2.0,2.0,2.0,2.0,3.0,3.0,4.0,2.0,0.0,4.0,2.0,3.0,1.0,1.0,3.0,2.0,3.0,3.0,5.0,3.0,6.0,1.0,1.0
ENDO_0014,Endothelial,3.0,1.0,4.0,1.0,2.0,1.0,2.0,44.0,1.0,2.0,3.0,3.0,3.0,4.0,2.0,4.0,2.0,3.0,0.0,2.0,1.0,0.0,3.0,1.0,1.0,0.0,2.0,3.0,2.0,1.0,2.0,1.0,5.0,5.0,1.0,2.0,3.0,2.0,1.0,3.0,2.0,5.0,5.0,0.0,4.0,5.0,2.0,1.0,3.0,1.0,4.0,3.0,0.0,1.0,1.0,2.0,0.0,1.0,1.0,1.0,1.0,3.0,0.0,2.0,1.0,1.0,2.0,2.0,1.0,4.0,2.0,1.0,3.0,4.0,0.0,4.0,5.0,3.0,2.0,0.0,2.0,3.0,3.0,1.0,0.0,2.0,2.0,3.0,3.0,0.0,3.0,1.0,0.0,3.0,0.0,1.0,1.0,3.0,0.0,3.0
ENDO_0015,Endothelial,0.0,1.0,1.0,3.0,0.0,3.0,1.0,40.0,5.0,1.0,2.0,2.0,3.0,1.0,2.0,5.0,0.0,1.0,1.0,1.0,1.0,2.0,1.0,0.0,2.0,1.0,1.0,3.0,3.0,2.0,0.0,3.0,0.0,2.0,2.0,2.0,2.0,0.0,3.0,2.0,2.0,1.0,1.0,0.0,3.0,5.0,3.0,4.0,0.0,1.0,0.0,1.0,1.0,1.0,2.0,2.0,0.0,0.0,3.0,4.0,0.0,1.0,0.0,3.0,2.0,2.0,1.0,2.0,1.0,1.0,3.0,2.0,0.0,3.0,4.0,2.0,4.0,2.0,1.0,2.0,0.0,4.0,1.0,0.0,1.0,2.0,2.0,4.0,0.0,2.0,4.0,2.0,3.0,0.0,1.0,1.0,3.0,1.0,2.0,1.0
ENDO_0016,Endothelial,0.0,3.0,2.0,2.0,2.0,2.0,1.0,43.0,2.0,2.0,1.0,1.0,2.0,0.0,2.0,1.0,1.0,2.0,3.0,3.0,4.0,2.0,2.0,0.0,3.0,0.0,3.0,1.0,3.0,0.0,1.0,2.0,3.0,2.0,0.0,0.0,5.0,4.0,2.0,2.0,2.0,6.0,2.0,2.0,4.0,0.0,2.0,1.0,2.0,1.0,3.0,1.0,2.0,5.0,0.0,4.0,2.0,1.0,0.0,0.0,1.0,1.0,5.0,0.0,2.0,2.0,3.0,2.0,0.0,0.0,2.0,4.0,0.0,3.0,2.0,2.0,4.0,0.0,2.0,3.0,2.0,0.0,1.0,1.0,1.0,2.0,2.0,3.0,4.0,1.0,5.0,1.0,5.0,0.0,2.0,0.0,2.0,5.0,1.0,1.0
ENDO_0017,Endothelial,4.0,1.0,1.0,1.0,1.0,4.0,7.0,34.0,2.0,3.0,2.0,1.0,2.0,1.0,3.0,1.0,1.0,3.0,1.0,2.0,1.0,1.0,7.0,1.0,2.0,3.0,0.0,2.0,6.0,1.0,1.0,3.0,1.0,2.0,2.0,2.0,2.0,1.0,4.0,1.0,2.0,2.0,4.0,4.0,5.0,4.0,0.0,3.0,2.0,0.0,2.0,2.0,1.0,5.0,1.0,4.0,4.0,3.0,1.0,0.0,2.0,1.0,4.0,3.0,1.0,0.0,1.0,1.0,1.0,2.0,1.0,2.0,1.0,2.0,1.0,3.0,3.0,1.0,4.0,1.0,1.0,1.0,1.0,3.0,2.0,4.0,2.0,2.0,2.0,1.0,4.0,2.0,0.0,2.0,2.0,2.0,2.0,1.0,2.0,2.0
ENDO_0018,Endothelial,4.0,7.0,3.0,1.0,4.0,1.0,0.0,45.0,2.0,1.0,5.0,4.0,1.0,1.0,4.0,2.0,0.0,3.0,3.0,4.0,1.0,3.0,4.0,1.0,1.0,4.0,0.0,2.0,1.0,2.0,1.0,1.0,3.0,2.0,0.0,4.0,2.0,1.0,4.0,0.0,2.0,1.0,1.0,1.0,1.0,2.0,0.0,2.0,2.0,4.0,3.0,2.0,5.0,2.0,2.0,2.0,3.0,2.0,0.0,1.0,0.0,3.0,2.0,3.0,3.0,0.0,2.0,0.0,2.0,1.0,2.0,1.0,2.0,1.0,2.0,1.0,4.0,0.0,1.0,2.0,3.0,2.0,2.0,2.0,1.0,1.0,1.0,3.0,2.0,0.0,1.0,3.0,3.0,2.0,2.0,2.0,3.0,1.0,0.0,3.0
ENDO_0019,Endothelial,1.0,2.0,1.0,3.0,3.0,0.0,2.0,49.0,1.0,2.0,4.0,1.0,2.0,1.0,1.0,4.0,4.0,4.0,1.0,2.0,0.0,1.0,5.0,3.0,1.0,6.0,2.0,1.0,1.0,2.0,0.0,1.0,2.0,2.0,3.0,2.0,1.0,3.0,3.0,3.0,2.0,0.0,4.0,4.0,0.0,1.0,1.0,4.0,1.0,4.0,0.0,2.0,2.0,3.0,0.0,4.0,3.0,1.0,2.0,0.0,3.0,1.0,1.0,4.0,1.0,0.0,3.0,4.0,0.0,2.0,3.0,3.0,0.0,1.0,2.0,4.0,6.0,6.0,1.0,0.0,1.0,2.0,2.0,2.0,3.0,1.0,1.0,1.0,1.0,0.0,1.0,3.0,1.0,4.0,1.0,0.0,0.0,4.0,3.0,0.0
ENDO_0020,Endothelial,1.0,2.0,2.0,2.0,3.0,1.0,5.0,32.0,4.0,0.0,2.0,0.0,1.0,1.0,0.0,0.0,0.0,1.0,4.0,0.0,2.0,4.0,3.0,3.0,1.0,2.0,3.0,1.0,1.0,3.0,0.0,2.0,1.0,3.0,4.0,1.0,4.0,3.0,0.0,0.0,2.0,3.0,2.0,2.0,0.0,4.0,2.0,3.0,3.0,3.0,4.0,2.0,2.0,2.0,0.0,3.0,2.0,2.0,3.0,3.0,2.0,2.0,2.0,2.0,0.0,3.0,2.0,2.0,3.0,3.0,2.0,3.0,1.0,5.0,3.0,4.0,0.0,3.0,2.0,3.0,2.0,2.0,2.0,0.0,0.0,3.0,2.0,0.0,4.0,0.0,1.0,2.0,1.0,2.0,1.0,3.0,0.0,3.0,5.0,3.0
ENDO_0021,Endothelial,1.0,3.0,4.0,1.0,2.0,2.0,2.0,42.0,2.0,1.0,4.0,4.0,1.0,1.0,4.0,2.0,0.0,2.0,2.0,1.0,0.0,0.0,4.0,3.0,1.0,3.0,1.0,1.0,4.0,2.0,8.0,0.0,1.0,4.0,0.0,3.0,3.0,1.0,3.0,3.0,2.0,4.0,0.0,3.0,2.0,1.0,3.0,6.0,2.0,2.0,2.0,3.0,2.0,1.0,5.0,0.0,1.0,3.0,1.0,4.0,0.0,4.0,3.0,1.0,0.0,0.0,4.0,1.0,0.0,1.0,1.0,2.0,4.0,5.0,1.0,2.0,2.0,0.0,1.0,2.0,0.0,0.0,3.0,4.0,0.0,2.0,2.0,2.0,2.0,2.0,4.0,3.0,0.0,1.0,1.0,1.0,6.0,2.0,1.0,3.0
ENDO_0022,Endothelial,3.0,3.0,2.0,1.0,1.0,2.0,2.0,51.0,0.0,1.0,3.0,2.0,1.0,2.0,1.0,1.0,3.0,0.0,1.0,4.0,1.0,3.0,2.0,0.0,3.0,2.0,2.0,1.0,0.0,2.0,3.0,1.0,1.0,2.0,1.0,2.0,7.0,0.0,0.0,2.0,0.0,0.0,1.0,4.0,2.0,2.0,2.0,3.0,5.0,0.0,1.0,1.0,3.0,3.0,1.0,1.0,3.0,0.0,1.0,0.0,0.0,3.0,3.0,1.0,0.0,3.0,4.0,1.0,1.0,2.0,2.0,3.0,4.0,2.0,2.0,2.0,3.0,3.0,4.0,1.0,3.0,1.0,3.0,1.0,2.0,3.0,2.0,0.0,1.0,3.0,3.0,1.0,2.0,3.0,1.0,3.0,1.0,2.0,1.0,0.0
ENDO_0023,Endothelial,2.0,0.0,1.0,2.0,3.0,2.0,5.0,41.0,3.0,2.0,3.0,0.0,1.0,0.0,2.0,2.0,3.0,2.0,6.0,5.0,2.0,2.0,4.0,2.0,1.0,0.0,1.0,2.0,2.0,2.0,3.0,1.0,1.0,1.0,4.0,2.0,0.0,2.0,1.0,2.0,0.0,2.0,1.0,3.0,0.0,1.0,1.0,1.0,4.0,2.0,2.0,3.0,1.0,2.0,2.0,2.0,2.0,1.0,1.0,2.0,1.0,2.0,2.0,1.0,2.0,2.0,4.0,2.0,2.0,1.0,4.0,3.0,2.0,5.0,4.0,1.0,3.0,1.0,2.0,3.0,4.0,1.0,3.0,1.0,4.0,2.0,2.0,2.0,2.0,2.0,1.0,1.0,3.0,0.0,2.0,2.0,1.0,2.0,1.0,0.0
ENDO_0024,Endothelial,1.0,2.0,1.0,2.0,2.0,1.0,1.0,50.0,1.0,1.0,0.0,1.0,2.0,1.0,2.0,1.0,2.0,3.0,5.0,1.0,1.0,2.0,2.0,1.0,2.0,4.0,1.0,5.0,0.0,2.0,3.0,1.0,1.0,1.0,3.0,1.0,1.0,0.0,0.0,3.0,1.0,1.0,0.0,3.0,1.0,3.0,1.0,1.0,2.0,2.0,2.0,1.0,2.0,2.0,1.0,0.0,0.0,1.0,3.0,5.0,6.0,1.0,2.0,1.0,5.0,2.0,4.0,1.0,1.0,1.0,3.0,1.0,0.0,5.0,1.0,2.0,0.0,8.0,4.0,2.0,1.0,3.0,3.0,5.0,2.0,3.0,0.0,5.0,1.0,4.0,1.0,0.0,3.0,1.0,0.0,4.0,2.0,3.0,2.0,2.0
ENDO_0025,Endothelial,3.0,1.0,0.0,2.0,1.0,2.0,1.0,42.0,2.0,0.0,2.0,3.0,1.0,0.0,2.0,2.0,5.0,4.0,3.0,3.0,1.0,2.0,3.0,2.0,3.0,1.0,0.0,3.0,0.0,2.0,1.0,2.0,0.0,4.0,1.0,1.0,1.0,0.0,1.0,0.0,1.0,0.0,0.0,1.0,1.0,2.0,2.0,1.0,4.0,1.0,4.0,1.0,2.0,0.0,2.0,2.0,1.0,0.0,1.0,3.0,3.0,0.0,2.0,0.0,3.0,0.0,2.0,2.0,3.0,3.0,0.0,2.0,2.0,4.0,2.0,1.0,3.0,4.0,1.0,3.0,2.0,3.0,2.0,3.0,4.0,2.0,1.0,3.0,1.0,5.0,1.0,2.0,2.0,1.0,3.0,1.0,2.0,5.0,4.0,0.0
ENDO_0026,Endothelial,3.0,1.0,2.0,1.0,2.0,1.0,4.0,44.0,1.0,3.0,3.0,2.0,1.0,5.0,1.0,1.0,1.0,0.0,3.0,2.0,1.0,1.0,2.0,1.0,3.0,2.0,4.0,5.0,1.0,2.0,3.0,1.0,1.0,5.0,1.0,4.0,2.0,0.0,3.0,2.0,2.0,0.0,5.0,0.0,3.0,2.0,4.0,2.0,1.0,4.0,3.0,1.0,2.0,5.0,1.0,1.0,4.0,2.0,2.0,1.0,0.0,2.0,1.0,2.0,2.0,2.0,2.0,4.0,0.0,5.0,1.0,2.0,2.0,4.0,3.0,3.0,1.0,1.0,1.0,0.0,2.0,1.0,1.0,4.0,2.0,1.0,3.0,2.0,5.0,1.0,2.0,1.0,0.0,4.0,0.0,5.0,6.0,2.0,0.0,0.0
ENDO_0027,Endothelial,2.0,3.0,2.0,3.0,0.0,1.0,2.0,51.0,0.0,2.0,1.0,4.0,2.0,1.0,1.0,2.0,2.0,3.0,1.0,3.0,5.0,0.0,2.0,0.0,1.0,2.0,3.0,0.0,4.0,2.0,2.0,2.0,1.0,2.0,2.0,1.0,4.0,2.0,1.0,2.0,1.0,1.0,3.0,0.0,1.0,1.0,6.0,2.0,4.0,2.0,3.0,2.0,4.0,1.0,3.0,2.0,1.0,7.0,2.0,1.0,1.0,1.0,0.0,2.0,2.0,4.0,4.0,2.0,1.0,3.0,1.0,3.0,5.0,2.0,1.0,5.0,1.0,5.0,2.0,0.0,2.0,1.0,1.0,3.0,4.0,2.0,2.0,0.0,0.0,1.0,0.0,2.0,2.0,2.0,4.0,2.0,1.0,2.0,1.0,2.0
ENDO_0028,Endothelial,3.0,1.0,2.0,2.0,4.0,0.0,1.0,44.0,3.0,2.0,2.0,5.0,2.0,3.0,0.0,1.0,1.0,2.0,2.0,2.0,1.0,1.0,0.0,3.0,4.0,0.0,4.0,1.0,1.0,3.0,0.0,2.0,1.0,4.0,1.0,2.0,1.0,3.0,1.0,3.0,1.0,4.0,4.0,1.0,5.0,6.0,1.0,1.0,3.0,1.0,3.0,5.0,2.0,5.0,4.0,3.0,1.0,1.0,1.0,2.0,2.0,1.0,0.0,0.0,2.0,2.0,1.0,2.0,1.0,1.0,2.0,2.0,2.0,3.0,0.0,2.0,2.0,1.0,4.0,0.0,3.0,1.0,1.0,1.0,3.0,4.0,1.0,0.0,3.0,1.0,0.0,3.0,1.0,1.0,1.0,4.0,1.0,2.0,3.0,3.0
ENDO_0029,Endothelial,1.0,2.0,2.0,1.0,1.0,3.0,2.0,48.0,1.0,1.0,6.0,1.0,1.0,2.0,2.0,2.0,2.0,3.0,3.0,1.0,1.0,1.0,2.0,0.0,2.0,3.0,4.0,4.0,3.0,2.0,0.0,1.0,3.0,2.0,5.0,1.0,4.0,6.0,3.0,2.0,2.0,0.0,0.0,1.0,2.0,2.0,0.0,0.0,3.0,1.0,1.0,1.0,0.0,4.0,2.0,3.0,4.0,2.0,2.0,4.0,3.0,2.0,1.0,3.0,2.0,4.0,2.0,1.0,1.0,1.0,4.0,1.0,2.0,0.0,1.0,1.0,3.0,3.0,3.0,2.0,3.0,2.0,1.0,2.0,3.0,2.0,1.0,2.0,2.0,2.0,2.0,2.0,0.0,3.0,3.0,4.0,4.0,2.0,1.0,2.0
ENDO_0030,Endothelial,1.0,1.0,0.0,1.0,3.0,3.0,1.0,47.0,2.0,2.0,3.0,0.0,4.0,3.0,1.0,1.0,2.0,0.0,1.0,3.0,5.0,3.0,2.0,2.0,2.0,1.0,0.0,0.0,2.0,2.0,2.0,1.0,3.0,4.0,2.0,3.0,1.0,1.0,3.0,1.0,1.0,2.0,1.0,0.0,1.0,5.0,2.0,2.0,2.0,3.0,1.0,1.0,3.0,2.0,2.0,1.0,2.0,5.0,4.0,3.0,4.0,4.0,1.0,4.0,3.0,4.0,4.0,1.0,4.0,2.0,1.0,0.0,1.0,3.0,4.0,1.0,2.0,2.0,2.0,3.0,3.0,2.0,4.0,0.0,1.0,4.0,2.0,1.0,0.0,0.0,2.0,1.0,2.0,4.0,1.0,3.0,1.0,3.0,2.0,1.0
